date,signal_strength,strategy_return,us_return
2016-05-16,,-0.005775,-0.011891
2016-05-17,,0.003476,0.006273
2016-05-18,,0.010104,-0.011323
2016-05-19,,-0.004866,-0.005791
2016-05-20,,0.001645,-0.000906
2016-05-23,,-0.00598,0.006607
2016-05-24,,0.00468,-0.003475
2016-05-25,,-0.008455,0.012011
2016-05-26,,-0.006409,0.005487
2016-05-27,,-0.000165,0.00203
2016-05-31,,0.003538,0.004687
2016-06-01,,-0.015507,-0.001009
2016-06-02,,-0.013428,-0.000631
2016-06-03,,0.001494,0.005556
2016-06-06,,0.006341,-0.006531
2016-06-07,,0.002096,0.002528
2016-06-08,,0.014249,0.001261
2016-06-09,,0.006033,0.001133
2016-06-10,,-0.000327,-0.002264
2016-06-13,,-0.011379,-0.010464
2016-06-14,,-0.011997,-0.005478
2016-06-15,,0.008063,-0.002562
2016-06-16,,-0.024334,0.002826
2016-06-17,,0.001382,0.003202
2016-06-20,,0.000448,-0.001576
2016-06-21,,-0.00522,0.008982
2016-06-22,,-0.003123,-0.002289
2016-06-23,,0.002201,-0.001402
2016-06-24,,-0.054535,0.009829
2016-06-27,,0.029801,-0.037163
2016-06-28,,0.017758,-0.01838
2016-06-29,,-0.003901,0.019927
2016-06-30,,-0.00787,0.016129
2016-07-01,,0.003026,0.007356
2016-07-05,,-0.002533,0.010377
2016-07-06,,-0.004554,-0.008115
2016-07-07,,-0.003367,0.008565
2016-07-08,,0.003156,0.004309
2016-07-11,,0.019938,0.017415
2016-07-12,,0.0264,0.00583
2016-07-13,,-0.004624,0.003946
2016-07-14,,0.005162,-0.004914
2016-07-15,,0.002928,0.004074
2016-07-19,,0.00465,-0.004426
2016-07-20,,-0.005654,-0.001845
2016-07-21,,-0.002343,0.00419
2016-07-22,,0.001347,-0.0027
2016-07-25,,-0.00334,0.004184
2016-07-26,,0.001684,0.001593
2016-07-27,,-0.009874,-0.001224
2016-07-28,,-0.006917,-0.003062
2016-07-29,,-0.002443,0.001843
2016-08-01,,0.000965,0.001104
2016-08-02,,-0.005006,0.001593
2016-08-03,,0.000727,-0.014924
2016-08-04,,-0.003749,0.002856
2016-08-05,,-0.008612,-0.000495
2016-08-08,,0.012435,0.01053
2016-08-09,,0.006439,-0.00331
2016-08-10,,0.001282,-0.002952
2016-08-12,,0.003509,0.002097
2016-08-15,,-0.005887,-0.000488
2016-08-16,,-0.019197,0.001952
2016-08-17,,0.024002,-0.00572
2016-08-18,,-0.013116,-0.002326
2016-08-19,,-0.009916,-0.000614
2016-08-22,,-0.002967,0.000615
2016-08-23,,0.005792,-0.000982
2016-08-24,,-0.002179,0.005036
2016-08-25,,-0.003173,-0.004766
2016-08-26,,-0.002672,-0.003316
2016-08-29,,0.010887,-0.002834
2016-08-30,,0.003987,0.003459
2016-08-31,,0.020326,-0.005541
2016-09-01,,0.001854,-0.002599
2016-09-02,,-0.001199,0.001986
2016-09-06,,0.003374,0.001982
2016-09-07,,0.003401,0.001855
2016-09-08,,-0.005464,0.000493
2016-09-09,,-0.000708,-0.008635
2016-09-12,,-0.009882,-0.024138
2016-09-13,,0.00348,0.014025
2016-09-14,,-0.001428,-0.014209
2016-09-15,,-0.001296,0.000128
2016-09-16,,0.004527,0.007269
2016-09-20,,0.002114,-0.00216
2016-09-21,,0.011928,0.000765
2016-09-23,,-0.001536,0.00968
2016-09-26,,-0.018582,-0.002254
2016-09-27,,0.009687,-0.011046
2016-09-28,,0.002377,0.010154
2016-09-29,,-0.003839,0.002764
2016-09-30,,0.00035,-0.005138
2016-10-03,,-0.000381,0.008061
2016-10-04,,-0.004601,-0.000625
2016-10-05,,0.002704,-0.0035
2016-10-06,,0.006247,0.00414
2016-10-07,,0.000573,0.000749
2016-10-11,,-0.001565,-0.004494
2016-10-12,,0.00166,-0.012144
2016-10-13,,-0.004921,0.004689
2016-10-14,,0.002603,-0.003658
2016-10-17,,0.003276,-0.00114
2016-10-18,,0.000505,-0.008239
2016-10-19,,0.002747,0.006646
2016-10-20,,0.003027,0.004443
2016-10-21,,-0.001414,-0.001895
2016-10-24,,0.000532,0.007979
2016-10-25,,0.002096,0.007162
2016-10-26,,0.003121,-0.011727
2016-10-27,,-0.000181,-0.004292
2016-10-28,,0.002407,-0.008367
2016-10-31,,0.002099,-0.002302
2016-11-01,,0.001236,0.000769
2016-11-02,,-0.014455,-0.007042
2016-11-04,,-0.012833,-0.006061
2016-11-07,,0.006912,-0.001951
2016-11-08,,-0.006095,0.023068
2016-11-09,,-0.018041,0.004077
2016-11-10,,0.01703,0.00203
2016-11-11,,0.011613,0.003672
2016-11-14,,0.005612,0.005677
2016-11-15,,0.007265,0.000126
2016-11-16,,0.000725,0.003888
2016-11-17,,0.004863,0.005497
2016-11-18,,-0.006677,0.012053
2016-11-21,,0.010641,-0.003069
2016-11-22,,0.006846,0.006527
2016-11-25,,-0.004517,0.011868
2016-11-28,,0.007625,0.002416
2016-11-29,,0.003969,-0.007954
2016-11-30,,0.002422,0.002673
2016-12-01,,0.010846,-0.00836
2016-12-02,,-0.001551,0.000489
2016-12-05,,-0.005828,-0.005495
2016-12-06,,0.010688,0.010928
2016-12-07,,0.008986,0.002308
2016-12-08,,0.004556,0.019389
2016-12-09,,0.018791,0.0
2016-12-12,,0.015113,0.002259
2016-12-13,,0.011172,-0.008303
2016-12-14,,-0.002125,0.00897
2016-12-15,,-0.001452,-0.006757
2016-12-16,,0.002608,-0.002387
2016-12-19,,0.011313,-0.00491
2016-12-20,,0.001336,0.002661
2016-12-21,,-0.003041,0.00796
2016-12-22,,-0.00292,-0.000479
2016-12-27,,0.003096,-0.010775
2016-12-28,,-0.001918,0.003881
2016-12-29,,-0.001967,-0.006886
2016-12-30,,-0.003465,-0.001339
2017-01-04,,0.011267,-0.008405
2017-01-05,,-0.012712,0.013312
2017-01-06,,0.00357,-0.000723
2017-01-10,,-0.00988,0.004945
2017-01-11,,0.0,0.003604
2017-01-12,,0.001205,0.002154
2017-01-13,,-0.002414,-0.000955
2017-01-17,,-0.008493,0.003706
2017-01-18,,-0.001355,0.001667
2017-01-19,,0.005179,-0.001784
2017-01-20,,-0.002861,-0.003097
2017-01-23,,-0.005166,0.002868
2017-01-24,,-0.000703,0.000715
2017-01-25,,-0.006313,0.008215
2017-01-26,,-0.005005,0.006141
2017-01-27,,0.010005,0.001526
2017-01-30,,-0.000466,-0.003164
2017-01-31,,-0.002791,-0.001176
2017-02-01,,0.008201,-0.00153
2017-02-02,,-0.001063,-0.001886
2017-02-03,,0.004355,-0.000826
2017-02-06,,-0.004611,-0.0013
2017-02-07,,0.000519,-0.002959
2017-02-08,,0.003465,-0.00095
2017-02-09,,-0.001433,0.006178
2017-02-10,,0.013942,0.006259
2017-02-13,,0.013628,0.006103
2017-02-14,,-0.009294,0.001167
2017-02-15,,0.003936,0.005709
2017-02-16,,-0.001343,0.005213
2017-02-17,,0.003074,-0.00507
2017-02-21,,0.005093,0.003243
2017-02-22,,-0.003586,0.005773
2017-02-23,,0.003217,0.0
2017-02-24,,0.004439,-0.006774
2017-02-27,,-0.001786,0.004623
2017-02-28,,0.005054,0.001151
2017-03-01,,0.003661,-0.00747
2017-03-02,,0.004855,0.011231
2017-03-03,,-0.000507,-0.002404
2017-03-06,,0.004823,-0.001492
2017-03-07,,0.002463,-0.003218
2017-03-08,,-0.001684,-0.003229
2017-03-09,,-0.00118,0.004165
2017-03-10,,0.009854,-0.000922
2017-03-13,,0.003386,0.001499
2017-03-14,,-0.005643,0.002648
2017-03-15,,-0.000476,-0.00023
2017-03-16,,-0.004244,0.005284
2017-03-17,,0.001627,-0.000114
2017-03-21,,-0.006228,0.001272
2017-03-22,,0.002412,-0.012622
2017-03-23,,-0.000853,0.001162
2017-03-24,,0.002545,0.002322
2017-03-27,,0.000476,0.002432
2017-03-28,,0.00428,-0.000346
2017-03-29,,-0.00208,0.007627
2017-03-30,,0.001656,0.005964
2017-03-31,,-0.00321,0.002623
2017-04-03,,-0.00363,0.000114
2017-04-04,,-0.012272,-0.003979
2017-04-05,,-0.009931,-0.001599
2017-04-06,,-0.005976,-0.002401
2017-04-07,,0.011783,0.003094
2017-04-10,,-0.00554,-0.00297
2017-04-11,,-0.004963,0.003667
2017-04-12,,-0.014198,-0.000799
2017-04-13,,0.002341,-0.003999
2017-04-17,,0.004298,-0.006999
2017-04-18,,-0.00549,0.010283
2017-04-19,,0.002341,0.000114
2017-04-20,,0.009734,0.000915
2017-04-21,,-0.002138,0.010511
2017-04-24,,0.000714,-0.002261
2017-04-25,,0.001867,0.006459
2017-04-26,,0.007722,0.007881
2017-04-27,,0.00078,0.004691
2017-04-28,,0.0,0.005337
2017-05-01,,-0.000914,-0.003982
2017-05-02,,0.000407,0.001333
2017-05-08,,0.006408,0.001109
2017-05-09,,-0.000441,0.001885
2017-05-10,,0.003921,0.005756
2017-05-11,,0.001456,-0.003412
2017-05-12,,0.001173,-0.005964
2017-05-15,,0.00652,-0.001444
2017-05-16,,-0.003022,0.000223
2017-05-17,,-0.004547,-0.003448
2017-05-18,,-0.000977,-0.016185
2017-05-19,,-0.003887,0.005786
2017-05-22,,0.000634,0.006768
2017-05-23,,-0.000877,0.005042
2017-05-24,,-0.000935,-0.003791
2017-05-25,,0.0,0.003581
2017-05-26,,0.000429,0.008809
2017-05-30,,0.003019,0.002984
2017-05-31,,-0.004713,0.000771
2017-06-01,,0.011831,0.002643
2017-06-02,,0.001349,0.009445
2017-06-05,,0.00963,0.003591
2017-06-06,,-0.001575,-0.00271
2017-06-07,,-0.00234,-0.008588
2017-06-08,,-0.002123,0.001754
2017-06-09,,0.002312,-0.006458
2017-06-12,,0.001417,-0.004407
2017-06-13,,0.005895,-0.000553
2017-06-14,,-5.2e-05,0.0062
2017-06-15,,0.002106,-0.00055
2017-06-16,,-0.000986,-0.004184
2017-06-19,,-0.003889,-0.000277
2017-06-20,,-0.003138,0.007654
2017-06-21,,-0.002048,-0.012549
2017-06-22,,-0.001783,0.00156
2017-06-23,,0.0,-0.002338
2017-06-26,,-0.005257,-0.001227
2017-06-27,,0.004583,0.003575
2017-06-28,,0.007216,-0.007903
2017-06-29,,0.004655,0.010098
2017-06-30,,-9.8e-05,-0.009664
2017-07-03,,0.001992,0.005272
2017-07-05,,0.009525,-0.001004
2017-07-06,,-0.000437,-0.002456
2017-07-07,,-0.003589,-0.010188
2017-07-10,,-0.007099,0.008935
2017-07-11,,0.001392,0.00213
2017-07-12,,-0.005127,-0.002014
2017-07-13,,-0.006122,0.007622
2017-07-14,,0.002424,0.000111
2017-07-18,,0.001483,0.003226
2017-07-19,,0.000905,0.004535
2017-07-20,,0.010095,0.004845
2017-07-21,,-0.000625,-0.002082
2017-07-24,,-0.004038,0.000659
2017-07-25,,0.000915,-0.003402
2017-07-26,,0.000468,0.007047
2017-07-27,,0.003643,-0.000438
2017-07-28,,0.000901,0.007329
2017-07-31,,0.000302,-0.007601
2017-08-01,,0.0006,-0.000328
2017-08-02,,-0.004967,0.001751
2017-08-03,,0.001721,-0.002731
2017-08-04,,0.000894,-0.002739
2017-08-07,,0.005625,0.00011
2017-08-08,,-0.001414,0.002307
2017-08-09,,-0.002237,0.000548
2017-08-10,,-0.005414,-0.005806
2017-08-11,,0.0,-0.014985
2017-08-14,,-0.002252,0.005145
2017-08-15,,0.000267,0.007122
2017-08-16,,0.0,-0.009171
2017-08-17,,-0.000169,0.00513
2017-08-18,,-0.002736,-0.015977
2017-08-21,,-0.000503,-0.004961
2017-08-22,,0.000212,0.001813
2017-08-23,,-0.003104,0.010745
2017-08-24,,0.001341,-0.008505
2017-08-25,,0.000321,-0.002144
2017-08-28,,-0.002713,0.002488
2017-08-29,,-0.00053,0.000564
2017-08-30,,0.004849,-0.000902
2017-08-31,,0.001983,0.007224
2017-09-01,,0.000666,0.004706
2017-09-05,,-0.002768,0.004573
2017-09-06,,0.00017,-0.004107
2017-09-07,,0.001488,0.006243
2017-09-08,,-0.001817,-0.008642
2017-09-11,,0.003586,-0.003465
2017-09-12,,-0.001446,0.005271
2017-09-13,,0.004871,0.004462
2017-09-14,,0.003945,0.007219
2017-09-15,,0.003613,-0.005403
2017-09-18,,0.0,-0.002804
2017-09-19,,0.018079,-0.003459
2017-09-20,,0.007878,-0.000896
2017-09-21,,0.005244,0.003361
2017-09-22,,0.001586,-0.001675
2017-09-25,,-9.3e-05,0.001678
2017-09-26,,0.00027,-0.002122
2017-09-27,,0.0,0.000112
2017-09-28,,0.004881,0.005483
2017-09-29,,-0.003965,-0.001224
2017-10-02,,0.00325,0.003789
2017-10-03,,-0.000544,0.001887
2017-10-04,,-0.003957,0.004211
2017-10-05,,0.001759,0.005186
2017-10-06,,0.002653,0.005598
2017-10-09,,0.0,0.001201
2017-10-10,,-0.002544,-0.003162
2017-10-11,,0.003231,-0.000984
2017-10-12,,0.003515,0.000547
2017-10-13,,0.004538,-0.006675
2017-10-16,,0.007623,0.004847
2017-10-17,,-0.003466,0.001316
2017-10-18,,0.001333,0.000547
2017-10-19,,0.001819,-0.002736
2017-10-20,,0.002699,0.0
2017-10-23,,-0.001155,0.002414
2017-10-24,,0.005224,-0.006786
2017-10-25,,0.003134,0.002425
2017-10-26,,0.001406,-0.003848
2017-10-27,,0.010054,0.003532
2017-10-30,,0.0,0.016166
2017-10-31,,-0.001675,-0.004546
2017-11-01,,0.005777,0.000109
2017-11-02,,0.00207,0.000326
2017-11-03,,0.0,-0.007498
2017-11-06,,-0.001708,0.004051
2017-11-07,,0.007892,0.007307
2017-11-08,,0.004386,-0.005954
2017-11-09,,-0.005783,0.001089
2017-11-10,,-0.003664,0.001523
2017-11-13,,-0.004386,0.003367
2017-11-14,,-0.004,0.003356
2017-11-15,,-0.003502,0.000863
2017-11-16,,0.003394,-0.004312
2017-11-17,,-0.004579,0.008337
2017-11-20,,0.016826,0.004402
2017-11-21,,0.0,0.001924
2017-11-22,,-0.003715,0.006189
2017-11-24,,0.0,0.000954
2017-11-27,,-0.001399,0.002543
2017-11-28,,0.00419,0.00074
2017-11-29,,-4.5e-05,0.011088
2017-11-30,,0.00447,0.004282
2017-12-01,,0.000622,0.005096
2017-12-04,,-0.004928,-0.000414
2017-12-05,,-0.009924,0.011593
2017-12-06,,-0.002747,-0.00573
2017-12-07,,-0.000163,-0.006484
2017-12-08,,0.003106,0.00259
2017-12-11,,0.001558,0.004752
2017-12-12,,-0.00839,0.002159
2017-12-13,,-0.005076,0.00041
2017-12-14,,0.00122,0.000821
2017-12-15,,-0.006446,0.003075
2017-12-18,,0.001076,0.004326
2017-12-19,,0.001823,0.008982
2017-12-20,,0.0,-0.001315
2017-12-21,,0.000806,-0.001925
2017-12-22,,0.003359,0.006496
2017-12-26,,0.002907,-0.001916
2017-12-27,,0.008183,0.002223
2017-12-28,,0.001437,-0.002016
2017-12-29,,-0.002352,0.002727
2018-01-02,,0.0,-0.005843
2018-01-03,,0.0,0.015199
2018-01-04,,-0.003937,0.004591
2018-01-05,,0.01076,0.003279
2018-01-08,,0.0,0.007922
2018-01-09,,0.002384,0.001179
2018-01-10,,-0.00274,0.001963
2018-01-11,,-0.000359,-0.000686
2018-01-12,,-0.005408,0.01627
2018-01-16,,-0.004675,0.012923
2018-01-17,,-0.000309,-0.007141
2018-01-18,,-0.002521,0.004795
2018-01-19,,0.001569,-0.000859
2018-01-22,,-0.000814,0.008692
2018-01-23,,-0.004236,0.01108
2018-01-24,,-0.002855,0.008429
2018-01-25,,-0.004906,0.004272
2018-01-26,,-0.000922,-0.001757
2018-01-29,,-0.000934,0.00982
2018-01-30,,-0.001941,-0.002752
2018-01-31,,-0.004032,-0.004968
2018-02-01,,-0.00126,-0.003236
2018-02-02,,-0.001874,-0.01113
2018-02-05,,-0.020387,-0.009568
2018-02-06,,-0.013785,-0.033715
2018-02-07,,-0.000391,0.025581
2018-02-08,,-0.003191,-0.003058
2018-02-09,,0.001457,-0.039877
2018-02-12,,0.0,0.006689
2018-02-13,,0.000906,0.013587
2018-02-14,,0.001839,0.005186
2018-02-15,,-0.002841,0.015964
2018-02-16,,0.002221,0.008911
2018-02-20,,0.007327,-0.004843
2018-02-21,,-0.001955,-0.003054
2018-02-22,,0.0,-0.001436
2018-02-23,,0.001146,0.001246
2018-02-26,,-0.00207,0.013978
2018-02-27,,0.003362,0.008403
2018-02-28,,-0.003838,-0.021161
2018-03-01,,-0.011899,-0.004496
2018-03-02,,-0.003202,-0.010762
2018-03-05,,0.002196,0.000972
2018-03-06,,-0.000624,0.011936
2018-03-07,,0.0,0.006905
2018-03-08,,0.000335,-0.006762
2018-03-09,,-0.001984,0.003164
2018-03-12,,-0.001804,0.015484
2018-03-13,,0.00413,0.003294
2018-03-14,,0.001466,-0.007036
2018-03-15,,-0.001443,-0.001228
2018-03-16,,-0.00048,-0.001041
2018-03-19,,-0.005463,-0.001045
2018-03-20,,-0.002612,-0.012455
2018-03-21,,0.0,0.005969
2018-03-22,,0.0,-0.000765
2018-03-23,,-0.003075,-0.021262
2018-03-26,,0.005495,-0.019669
2018-03-27,,0.015392,0.029547
2018-03-28,,0.008228,-0.019585
2018-03-29,,0.000157,-0.012164
2018-04-02,,-0.004788,0.014015
2018-04-03,,-0.006553,-0.028236
2018-04-04,,-0.005093,0.012699
2018-04-05,,0.012401,0.018359
2018-04-06,,0.0,0.013398
2018-04-09,,0.005845,-0.021289
2018-04-10,,-0.00162,-0.002384
2018-04-11,,-0.002453,0.012147
2018-04-12,,-0.002719,-0.00305
2018-04-13,,0.00054,0.004341
2018-04-16,,0.0,-0.0056
2018-04-17,,0.000905,0.007509
2018-04-18,,0.002699,0.018631
2018-04-19,,0.001263,0.004717
2018-04-20,,-0.000962,-0.003162
2018-04-23,,-0.001782,-0.010188
2018-04-24,,0.003544,0.002136
2018-04-25,,0.006098,-0.015794
2018-04-26,,0.0,0.004135
2018-04-27,,-0.003384,0.016178
2018-04-30,,0.0,0.004535
2018-05-01,,0.007874,-0.003938
2018-05-02,,-0.003263,0.00135
2018-05-03,,0.0,-0.006838
2018-05-04,,0.0,-0.00446
2018-05-07,,0.0,0.013149
2018-05-08,,0.0,0.003365
2018-05-09,,0.0,-0.004216
2018-05-10,,0.0,0.003464
2018-05-11,,0.0,0.003643
2018-05-14,,0.00301,0.002102
2018-05-15,,0.0,0.001907
2018-05-16,,0.0,-0.005805
2018-05-17,,0.002474,0.008327
2018-05-18,,0.009356,-0.003322
2018-05-21,,-9.3e-05,-0.001238
2018-05-22,,8.5e-05,0.005531
2018-05-23,,0.000625,-0.004457
2018-05-24,,0.0,0.007239
2018-05-25,,0.0,0.002175
2018-05-29,,0.0,0.00151
2018-05-30,,-0.000696,-0.007726
2018-05-31,,0.0,0.009116
2018-06-01,,0.004087,-0.004799
2018-06-04,,0.002966,0.007375
2018-06-05,,0.0,0.01117
2018-06-06,,-0.000926,0.005848
2018-06-07,,-0.000887,0.009321
2018-06-08,,0.0,0.002926
2018-06-11,,0.0,0.002097
2018-06-12,,0.009247,0.004003
2018-06-13,,0.001028,0.004802
2018-06-14,,0.0,0.001533
2018-06-15,,0.001755,0.010445
2018-06-18,,0.0,0.001644
2018-06-19,,-0.00457,-0.001695
2018-06-20,,0.004591,-0.001251
2018-06-21,,-0.001173,0.004741
2018-06-22,,0.0,-0.007123
2018-06-25,,-0.010446,-0.001704
2018-06-26,,0.0,-0.021739
2018-06-27,,0.013216,0.007163
2018-06-28,,0.003575,-0.012947
2018-06-29,,0.0,0.007851
2018-07-02,,-0.007927,0.001741
2018-07-03,,-0.001948,0.001372
2018-07-05,,-0.011984,-0.005025
2018-07-06,,0.0,0.004959
2018-07-09,,0.004516,0.007858
2018-07-10,,0.016313,0.011968
2018-07-11,,-0.004384,0.00215
2018-07-12,,0.003392,-0.002324
2018-07-13,,0.000953,0.006631
2018-07-16,,0.0,0.002226
2018-07-17,,-0.001357,0.002487
2018-07-18,,-0.002691,0.000975
2018-07-19,,0.008,-0.00062
2018-07-20,,-0.005388,-0.002303
2018-07-23,,0.000236,-0.004439
2018-07-24,,-0.001075,-0.00107
2018-07-25,,0.000308,-0.002946
2018-07-26,,0.003342,0.007341
2018-07-27,,0.00244,-0.005243
2018-07-30,,0.001686,-0.002591
2018-07-31,,-0.002697,-0.007972
2018-08-01,,-0.003865,0.004695
2018-08-02,,-0.008308,-0.004943
2018-08-03,,-0.007011,0.006864
2018-08-06,,-0.005457,0.003408
2018-08-07,,-0.000425,0.006705
2018-08-08,,-0.005081,0.004618
2018-08-09,,-0.004595,0.001061
2018-08-10,,0.0,0.003708
2018-08-13,,-0.005269,-0.008358
2018-08-14,,0.001693,-0.005057
2018-08-15,,-0.002263,0.009719
2018-08-16,,0.0,-0.012187
2018-08-17,,0.0,0.004917
2018-08-20,,-0.002468,0.00089
2018-08-21,,-0.001021,0.007111
2018-08-22,,0.002406,0.007943
2018-08-23,,0.0,0.001051
2018-08-24,,0.001877,-0.000962
2018-08-27,,0.002554,0.005866
2018-08-28,,-0.001382,0.006441
2018-08-29,,0.0,0.001989
2018-08-30,,-0.002187,0.011221
2018-08-31,,0.005757,-0.005719
2018-09-04,,-0.002312,0.003948
2018-09-05,,0.0,0.001882
2018-09-06,,-0.001362,-0.010754
2018-09-07,,-0.000722,-0.002761
2018-09-10,,0.0,-8.6e-05
2018-09-11,,0.001703,0.003721
2018-09-12,,0.001492,0.008016
2018-09-13,,0.006649,0.001881
2018-09-14,,-0.000551,0.001707
2018-09-17,,0.0,-0.003749
2018-09-18,,0.010597,-0.012402
2018-09-19,,0.012578,0.012731
2018-09-20,,0.00359,0.000427
2018-09-21,,-0.00399,0.006838
2018-09-24,,0.0,-0.004419
2018-09-25,,0.008665,-0.0065
2018-09-26,,0.009305,0.004218
2018-09-27,,-0.00165,0.002315
2018-09-28,,0.00165,0.003421
2018-10-01,,0.0,-0.000852
2018-10-02,,0.005495,-0.003071
2018-10-03,,0.000412,-0.01352
2018-10-04,,-0.000298,-0.003383
2018-10-05,,0.002511,-0.015667
2018-10-08,,0.0,-0.007516
2018-10-09,,-0.015568,0.002584
2018-10-10,,0.001634,-0.002933
2018-10-11,,-0.009884,-0.03369
2018-10-12,,0.00194,-0.017617
2018-10-15,,0.0,0.018496
2018-10-16,,0.006073,-0.002305
2018-10-17,,0.002617,0.02005
2018-10-18,,0.001663,-0.008242
2018-10-19,,0.002203,-0.01918
2018-10-22,,0.002481,-0.009777
2018-10-23,,-0.007083,0.004044
2018-10-24,,0.005396,0.000187
2018-10-25,,-0.005927,-0.029872
2018-10-26,,-0.002743,0.030212
2018-10-29,,-0.002002,-0.031107
2018-10-30,,0.0,-0.0088
2018-10-31,,0.009825,0.015024
2018-11-01,,-0.006864,0.01288
2018-11-02,,0.003892,0.020402
2018-11-05,,-0.002126,0.004092
2018-11-06,,0.000838,0.001389
2018-11-07,,-0.007227,0.00444
2018-11-08,,0.002088,0.027072
2018-11-09,,0.0,0.000269
2018-11-12,,0.0,-0.013892
2018-11-13,,0.00042,-0.020087
2018-11-14,,0.006289,-0.000464
2018-11-15,,-0.001948,-0.007517
2018-11-16,,0.000321,-0.001496
2018-11-19,,-0.007065,-0.003933
2018-11-20,,-0.006275,-0.024443
2018-11-21,,0.0,-0.022646
2018-11-23,,-0.0,0.010452
2018-11-26,,0.00081,-0.004489
2018-11-27,,0.00377,0.022446
2018-11-28,,0.0,0.002972
2018-11-29,,0.000449,0.029536
2018-11-30,,0.008002,-0.004642
2018-12-03,,-0.00404,0.007275
2018-12-04,,-0.020999,0.018706
2018-12-06,,0.002442,-0.035997
2018-12-07,,0.0,0.004809
2018-12-10,,-0.00077,-0.029936
2018-12-11,,-0.000267,0.000774
2018-12-12,,-0.000892,0.000387
2018-12-13,,-0.000345,0.010533
2018-12-14,,-0.0004,-0.004973
2018-12-17,,-0.002026,-0.016625
2018-12-18,,-0.012205,-0.025408
2018-12-19,,-0.007915,0.007822
2018-12-20,,-0.003279,-0.019799
2018-12-21,,-0.008271,-0.022432
2018-12-24,,0.0,-0.022662
2018-12-26,,-0.002446,-0.018985
2018-12-27,,-0.00059,0.059252
2018-12-28,,-0.000592,0.005337
2018-12-31,,0.0,0.000102
2019-01-04,,0.0,0.010719
2019-01-07,,0.015737,0.033094
2019-01-08,,-0.006954,0.022612
2019-01-09,,-0.009377,0.011056
2019-01-10,,0.007733,0.005084
2019-01-11,,0.0,-0.002863
2019-01-15,,-0.000804,0.000957
2019-01-16,,0.0,0.009044
2019-01-17,,-0.002559,-0.002288
2019-01-18,,0.0,0.006785
2019-01-22,,0.0,0.013859
2019-01-23,,0.000126,-0.01498
2019-01-24,,-0.000678,0.001996
2019-01-25,,0.002834,0.004174
2019-01-28,,0.0,0.011052
2019-01-29,,-0.001715,-0.005793
2019-01-30,,-0.001769,-0.006484
2019-01-31,,-0.005124,0.019675
2019-02-01,,-0.005376,0.009091
2019-02-04,,-0.001,-0.014617
2019-02-05,,0.003759,0.006531
2019-02-06,,-0.003868,0.009361
2019-02-07,,-0.000834,-0.004132
2019-02-08,,-0.002958,-0.008206
2019-02-12,,0.0,-0.003998
2019-02-13,,-0.000549,0.015375
2019-02-14,,-0.001085,0.006791
2019-02-15,,-0.0,-0.003646
2019-02-19,,-0.002342,0.006861
2019-02-20,,0.0,0.004089
2019-02-21,,-0.001233,0.001991
2019-02-22,,-0.003997,-0.001987
2019-02-25,,0.001943,0.005429
2019-02-26,,-0.000992,-0.00333
2019-02-27,,0.004144,0.001355
2019-02-28,,0.000136,-0.000722
2019-03-01,,-0.00161,-0.005415
2019-03-04,,0.000523,0.008076
2019-03-05,,0.000311,-0.00315
2019-03-06,,0.00041,0.002528
2019-03-07,,-0.008308,-0.004683
2019-03-08,,-0.006552,-0.012126
2019-03-11,,0.000669,-0.006962
2019-03-12,,0.0,0.013744
2019-03-13,,0.001209,0.00282
2019-03-14,,-0.000831,0.003539
2019-03-15,,0.0,-0.002984
2019-03-18,,-0.003567,0.006415
2019-03-19,,0.0,0.009675
2019-03-20,,0.000144,0.005015
2019-03-22,,0.0004,0.001426
2019-03-25,,0.001984,-0.019837
2019-03-26,,-0.005536,0.00591
2019-03-27,,-0.001394,0.004273
2019-03-28,,-0.001451,-0.002039
2019-03-29,,-0.006806,0.00604
2019-04-01,,-0.001613,0.005209
2019-04-02,,-0.003587,0.010979
2019-04-03,,0.00911,-0.000174
2019-04-04,,0.001457,0.007039
2019-04-05,,0.001178,0.008111
2019-04-08,,-0.000927,0.005906
2019-04-09,,-0.005582,0.003574
2019-04-10,,-0.000741,-0.008987
2019-04-11,,-0.005333,0.004791
2019-04-12,,-0.006393,0.001277
2019-04-15,,0.01228,0.006208
2019-04-16,,-0.00463,0.002028
2019-04-17,,0.001573,0.004386
2019-04-18,,-0.001296,0.001931
2019-04-22,,0.002867,-0.000335
2019-04-23,,0.001738,-0.003773
2019-04-24,,-0.004178,0.011951
2019-04-25,,0.000451,0.000915
2019-04-26,,0.000452,-0.005235
2019-05-07,,0.007552,0.007935
2019-05-08,,-0.017117,-0.015163
2019-05-09,,-0.003927,0.00034
2019-05-10,,-0.002518,-0.004081
2019-05-13,,-0.002555,0.001451
2019-05-14,,-0.011813,-0.029755
2019-05-15,,-0.001536,0.010105
2019-05-16,,0.000609,0.006786
2019-05-17,,0.000195,0.009245
2019-05-20,,-0.001994,-0.00762
2019-05-21,,0.000106,-0.007075
2019-05-22,,0.000286,0.006951
2019-05-23,,0.00319,-0.010268
2019-05-24,,0.000467,-0.01238
2019-05-28,,-0.004382,0.001324
2019-05-29,,0.003934,-0.006612
2019-05-30,,-0.0,-0.008875
2019-05-31,,0.002577,0.006536
2019-06-03,,-0.013985,-0.013077
2019-06-04,,0.001567,-0.008383
2019-06-05,,0.00895,0.027088
2019-06-06,,0.000471,0.004956
2019-06-07,,-0.001432,0.005108
2019-06-10,,0.004276,0.014457
2019-06-11,,0.0,0.008464
2019-06-12,,-0.001631,0.003854
2019-06-13,,-0.002813,-0.000256
2019-06-14,,0.002377,0.00896
2019-06-17,,-0.004267,0.002199
2019-06-18,,-0.004587,0.000422
2019-06-19,,0.005697,0.007592
2019-06-20,,0.002426,0.001842
2019-06-21,,0.006187,0.006936
2019-06-24,,-0.000838,-0.004631
2019-06-25,,-0.001935,-0.005355
2019-06-26,,-0.002611,-0.009589
2019-06-27,,0.010419,0.003228
2019-06-28,,0.001969,0.006265
2019-07-01,,0.01166,0.00286
2019-07-02,,-0.000285,0.008809
2019-07-03,,0.002144,0.002162
2019-07-05,,-0.004954,0.008713
2019-07-08,,-0.011924,0.001152
2019-07-09,,-0.000263,0.001233
2019-07-10,,-0.002902,0.001067
2019-07-11,,0.002262,0.003607
2019-07-12,,0.000968,0.002042
2019-07-16,,-0.010157,0.011494
2019-07-17,,-0.000788,-0.001286
2019-07-18,,-0.013509,-0.009572
2019-07-19,,0.012613,-0.001299
2019-07-22,,-0.000402,-0.006587
2019-07-23,,0.004596,0.000573
2019-07-24,,0.0033,0.00679
2019-07-25,,-0.001145,0.005038
2019-07-26,,-0.000252,-0.005579
2019-07-29,,0.002465,0.004553
2019-07-30,,0.004241,-0.004856
2019-07-31,,0.000911,-0.006751
2019-08-01,,0.008703,-0.011464
2019-08-02,,-0.009254,-0.013585
2019-08-05,,-0.012084,-0.00823
2019-08-06,,0.012831,-0.026842
2019-08-07,,0.000487,0.015227
2019-08-08,,-0.004888,0.004028
2019-08-09,,0.000983,0.019292
2019-08-13,,-0.002235,-0.00938
2019-08-14,,-0.004418,0.016471
2019-08-15,,0.001876,-0.031311
2019-08-16,,0.002816,-0.001656
2019-08-19,,0.002552,0.011345
2019-08-20,,0.000518,0.012598
2019-08-21,,-0.003989,0.000256
2019-08-22,,0.000339,0.019254
2019-08-23,,-0.001101,0.000251
2019-08-26,,0.00037,-0.026573
2019-08-27,,0.00273,0.009872
2019-08-28,,0.003506,-0.00493
2019-08-29,,-0.00092,0.012472
2019-08-30,,0.00816,0.015019
2019-09-03,,0.00031,-0.005985
2019-09-04,,0.003772,-0.004098
2019-09-05,,0.010491,0.009909
2019-09-06,,0.000152,0.019124
2019-09-09,,0.002733,0.002448
2019-09-10,,0.01203,0.003825
2019-09-11,,0.014213,-0.003973
2019-09-12,,0.007484,0.001872
2019-09-13,,0.004315,0.004794
2019-09-17,,0.013685,-0.002021
2019-09-18,,0.000771,0.006073
2019-09-19,,0.009754,-0.000489
2019-09-20,,-0.001367,-0.002693
2019-09-24,,0.003953,-0.011463
2019-09-25,,0.002693,-0.010678
2019-09-26,,0.000904,0.00912
2019-09-27,,-0.008689,-0.004312
2019-09-30,,-0.007482,-0.003497
2019-10-01,,0.004167,0.008607
2019-10-02,,0.010172,-0.008368
2019-10-03,,0.002334,-0.017963
2019-10-04,,0.0,0.004849
2019-10-07,,-0.003762,0.009398
2019-10-08,,0.005356,-0.004362
2019-10-09,,-0.001495,-0.010531
2019-10-10,,0.0,0.008514
2019-10-11,,0.005022,0.00667
2019-10-15,,-0.000408,0.011321
2019-10-16,,-0.003771,0.008794
2019-10-17,,-0.005589,0.004112
2019-10-18,,-0.000938,0.002621
2019-10-21,,0.007159,-0.001961
2019-10-23,,0.002754,0.00352
2019-10-24,,0.0,-0.004597
2019-10-25,,0.004499,-0.000495
2019-10-28,,0.001394,-0.001155
2019-10-29,,-0.000612,0.003139
2019-10-30,,-0.005075,-0.005682
2019-10-31,,0.001196,0.006211
2019-11-01,,-0.000377,-0.00535
2019-11-05,,0.001564,0.00662
2019-11-06,,-0.000207,0.001479
2019-11-07,,0.000431,0.001067
2019-11-08,,-0.000549,-0.005983
2019-11-11,,-0.001152,0.000412
2019-11-12,,-0.001016,-0.002061
2019-11-13,,-0.002475,-0.00066
2019-11-14,,-0.005268,-0.00314
2019-11-15,,-0.001974,0.004311
2019-11-18,,-0.002019,0.001816
2019-11-19,,0.002527,0.00346
2019-11-20,,0.001867,-0.011003
2019-11-21,,-0.001136,-0.002324
2019-11-22,,0.000642,-0.005659
2019-11-25,,0.008242,0.006862
2019-11-26,,0.003508,0.008811
2019-11-27,,0.003784,0.006838
2019-11-29,,-0.002795,0.008592
2019-12-02,,0.001967,-0.006491
2019-12-03,,-0.007209,-0.008248
2019-12-04,,0.002334,-0.010046
2019-12-05,,0.002878,0.005573
2019-12-06,,-0.002628,-0.000993
2019-12-09,,-0.004227,0.008032
2019-12-10,,-0.002574,0.001232
2019-12-11,,-0.000436,-0.001723
2019-12-12,,-0.002246,0.002548
2019-12-13,,-0.000846,0.008771
2019-12-16,,0.008436,0.000894
2019-12-17,,0.003273,0.004384
2019-12-18,,-0.002722,0.004446
2019-12-19,,0.000622,0.000966
2019-12-20,,0.0,0.003136
2019-12-23,,0.001246,0.001528
2019-12-24,,0.000488,-0.002328
2019-12-26,,0.003216,0.002253
2019-12-27,,0.000775,0.012205
2019-12-30,,-0.002026,-7.9e-05
2020-01-06,,0.008033,-0.006426
2020-01-07,,-0.000956,0.002781
2020-01-08,,0.00771,-0.001585
2020-01-09,,0.006541,0.003016
2020-01-10,,-0.000696,0.005302
2020-01-14,,0.000267,-0.005432
2020-01-15,,-0.001686,-0.000315
2020-01-16,,0.002059,-0.002289
2020-01-17,,-0.003315,0.008939
2020-01-21,,-0.001037,0.003528
2020-01-22,,0.00088,-0.003047
2020-01-23,,-0.002907,-0.00047
2020-01-24,,0.000798,0.00149
2020-01-27,,-0.008025,-0.013936
2020-01-28,,-0.001473,-0.014927
2020-01-29,,0.003254,0.009753
2020-01-30,,-0.003613,-0.000558
2020-01-31,,0.001886,-0.001677
2020-02-03,,0.000645,0.00256
2020-02-04,,0.001736,0.007102
2020-02-05,,0.017848,0.018224
2020-02-06,,0.006719,0.005058
2020-02-07,,0.001805,-0.002245
2020-02-10,,-0.003231,-0.004346
2020-02-12,,-0.002456,0.011301
2020-02-13,,-0.00098,0.010246
2020-02-14,,-0.004823,-0.00174
2020-02-18,,0.004053,-0.001517
2020-02-19,,0.004461,-7.6e-05
2020-02-20,,-0.002586,0.004481
2020-02-21,,0.001553,0.000378
2020-02-25,,0.006322,-0.015266
2020-02-26,,-0.012236,-0.026705
2020-02-27,,-0.017384,-0.007921
2020-02-28,,-0.019274,-0.040415
2020-03-02,,0.014674,-0.006433
2020-03-03,,-0.015387,0.034361
2020-03-04,,-0.008916,-0.024205
2020-03-05,,-0.00117,0.034557
2020-03-06,,-0.001989,-0.037288
2020-03-09,,-0.026409,-0.015372
2020-03-10,,0.014481,-0.062974
2020-03-11,,-0.015811,0.055292
2020-03-12,,-0.038398,-0.054688
2020-03-13,,-0.031469,-0.101055
2020-03-16,,-0.011298,0.061864
2020-03-17,,0.043679,-0.126686
2020-03-18,,-0.015376,0.038505
2020-03-19,,0.008613,-0.057448
2020-03-23,,0.019309,0.034877
2020-03-24,,-0.013877,0.001648
2020-03-25,,0.0402,0.093796
2020-03-26,,-0.003274,0.017547
2020-03-27,,0.023182,0.041367
2020-03-30,,0.033154,-0.033514
2020-03-31,,-0.020735,0.020907
2020-04-01,,-0.027868,-0.02018
2020-04-02,,-0.004149,-0.044658
2020-04-03,,-0.02358,0.003736
2020-04-06,,0.028612,-0.017438
2020-04-07,,-0.003589,0.083216
2020-04-08,,0.001423,0.014885
2020-04-09,,-0.01157,0.031499
2020-04-13,,-0.00821,0.018036
2020-04-14,,-0.003925,-0.000281
2020-04-15,,0.001605,0.0391
2020-04-16,,-0.004119,-0.021927
2020-04-17,,-0.003887,0.011994
2020-04-20,,-0.00031,0.029538
2020-04-21,,-0.002946,-0.017444
2020-04-22,,-0.003312,-0.025955
2020-04-23,,0.003232,0.021558
2020-04-24,,-0.004614,-0.000272
2020-04-27,,-0.007662,0.016941
2020-04-28,,0.003163,0.018708
2020-04-30,,0.008934,0.003935
2020-05-01,,-0.01237,-0.006222
2020-05-07,,-0.005479,-0.037393
2020-05-08,,0.006009,0.015719
2020-05-11,,-0.002698,0.019475
2020-05-12,,-0.0009,-0.002217
2020-05-13,,-0.001865,-0.02188
2020-05-14,,-0.003194,-0.017215
2020-05-15,,0.002313,0.014937
2020-05-18,,0.007811,0.011651
2020-05-19,,0.000687,0.037842
2020-05-20,,0.009372,-0.003588
2020-05-21,,-0.001683,0.013063
2020-05-22,,-0.002111,0.003554
2020-05-26,,-0.000795,-0.001483
2020-05-27,,0.015707,0.015837
2020-05-28,,0.003314,0.017134
2020-05-29,,0.010099,-0.012135
2020-06-01,,0.003279,0.003637
2020-06-02,,0.007902,0.009501
2020-06-03,,-0.003698,0.008535
2020-06-04,,-0.010959,0.018902
2020-06-05,,0.004901,-0.005046
2020-06-08,,0.010186,0.023951
2020-06-09,,-0.008993,0.015238
2020-06-10,,-0.002217,-0.007805
2020-06-11,,0.000727,-0.009379
2020-06-12,,0.006999,-0.052379
2020-06-15,,-0.014083,0.009911
2020-06-16,,0.022019,0.009494
2020-06-17,,-0.004349,0.021023
2020-06-18,,-0.001831,-0.002632
2020-06-19,,0.002059,-0.003648
2020-06-22,,0.006634,-0.00779
2020-06-23,,-0.000488,0.010277
2020-06-24,,-0.003801,0.007867
2020-06-25,,-0.001567,-0.022025
2020-06-26,,0.000649,0.001343
2020-06-29,,-0.000178,-0.023437
2020-06-30,,-0.003642,0.01899
2020-07-01,,-0.025345,0.012768
2020-07-02,,-0.00187,0.010101
2020-07-06,,0.010006,0.003953
2020-07-07,,-0.009632,0.023705
2020-07-08,,-0.00416,-0.015689
2020-07-09,,-0.013342,0.010651
2020-07-10,,-0.005401,-0.001137
2020-07-13,,0.027231,0.011917
2020-07-14,,-0.000826,-0.012677
2020-07-15,,0.000575,0.009953
2020-07-16,,0.002099,0.014293
2020-07-17,,-0.001412,-0.00267
2020-07-20,,0.003843,-0.004685
2020-07-21,,-0.001962,0.015989
2020-07-22,,-0.000429,0.001545
2020-07-27,,0.007999,0.008591
2020-07-28,,-0.005831,0.006198
2020-07-29,,-0.009333,-0.009899
2020-07-30,,-0.01064,0.010145
2020-07-31,,-0.015415,-0.000806
2020-08-03,,0.002732,0.00521
2020-08-04,,0.002399,-0.002117
2020-08-05,,0.009109,0.008046
2020-08-06,,-0.004617,0.012191
2020-08-07,,0.001611,0.004875
2020-08-11,,0.008702,0.001498
2020-08-12,,0.006875,-0.001971
2020-08-13,,0.002222,0.01326
2020-08-14,,0.001715,-0.000418
2020-08-17,,-0.005537,-7e-05
2020-08-18,,0.000713,0.012884
2020-08-19,,0.005185,0.006188
2020-08-20,,-0.002218,-0.004715
2020-08-21,,-0.007183,-0.001511
2020-08-24,,-0.003224,0.005157
2020-08-25,,0.002626,0.015187
2020-08-26,,-0.000265,0.003302
2020-08-27,,-0.002778,0.009873
2020-08-28,,-0.00358,-0.005387
2020-08-31,,0.007911,0.006553
2020-09-01,,0.002792,-0.002923
2020-09-02,,-0.008306,0.010461
2020-09-03,,8.2e-05,0.013847
2020-09-04,,0.008149,-0.031738
2020-09-08,,-0.003605,-0.011553
2020-09-09,,-0.002629,-0.013115
2020-09-10,,1.3e-05,0.018867
2020-09-11,,0.000908,-0.014327
2020-09-14,,0.003516,0.001509
2020-09-15,,-0.002639,0.010611
2020-09-16,,0.001183,0.008197
2020-09-17,,-0.011599,-0.005577
2020-09-18,,0.000213,-0.014054
2020-09-23,,0.002056,-0.013912
2020-09-24,,0.001739,-0.016401
2020-09-25,,0.000134,-0.000422
2020-09-28,,0.005887,0.013021
2020-09-29,,-0.00571,0.020915
2020-09-30,,-0.006879,-0.007759
2020-10-02,,-0.018816,0.008162
2020-10-05,,0.00523,-0.004231
2020-10-06,,0.001101,0.013219
2020-10-07,,-0.002685,-0.018505
2020-10-08,,-0.003014,0.022855
2020-10-09,,-0.010251,0.006564
2020-10-12,,-0.001362,0.010407
2020-10-13,,0.0,0.013299
2020-10-14,,-0.000141,-0.000193
2020-10-15,,-0.002167,-0.011069
2020-10-16,,-0.007709,0.003709
2020-10-19,,0.003215,-0.009076
2020-10-20,,-0.005536,-0.0123
2020-10-21,,0.00575,0.008015
2020-10-22,,-0.014713,-0.005454
2020-10-23,,0.000292,0.002048
2020-10-26,,-0.002389,0.008769
2020-10-27,,-0.00116,-0.019217
2020-10-28,,0.008794,-0.000467
2020-10-29,,0.012129,-0.031605
2020-10-30,,-0.012761,0.006335
2020-11-02,,0.016462,-0.021825
2020-11-04,,-0.00596,0.007134
2020-11-05,,0.016665,0.021269
2020-11-06,,0.013384,0.019496
2020-11-09,,0.001665,-0.003002
2020-11-10,,0.007995,-0.003273
2020-11-11,,0.008431,-0.003547
2020-11-12,,-0.001331,0.008766
2020-11-13,,-0.003537,-0.013394
2020-11-16,,0.004785,0.016225
2020-11-17,,-0.003679,0.013099
2020-11-18,,-0.005216,-0.004245
2020-11-19,,0.000783,-0.006848
2020-11-20,,0.005257,0.004944
2020-11-24,,0.001018,-0.005242
2020-11-25,,-0.010886,0.014867
2020-11-27,,0.005631,0.001205
2020-11-30,,-0.023781,0.002153
2020-12-01,,-0.007867,-0.006068
2020-12-02,,-0.002563,0.00744
2020-12-03,,0.008647,-0.006249
2020-12-04,,-0.001113,0.002795
2020-12-07,,-0.005956,0.00095
2020-12-08,,4.8e-05,-0.002278
2020-12-09,,0.001753,-0.002093
2020-12-10,,-0.002246,-0.000953
2020-12-11,,0.001337,-0.00089
2020-12-14,,0.002,-0.004776
2020-12-15,,-0.011329,0.001472
2020-12-16,,0.00218,0.01348
2020-12-17,,-0.001258,0.006556
2020-12-18,,-0.010079,0.006826
2020-12-21,,-0.008458,-0.004852
2020-12-22,,-0.01178,-0.011296
2020-12-23,,0.000928,-0.004307
2020-12-24,,0.006273,0.002163
2020-12-28,,0.001874,0.002095
2020-12-29,,0.008697,0.011401
2020-12-30,,-0.005317,0.000313
2021-01-04,,-0.013909,0.00601
2021-01-05,,0.00531,-0.008459
2021-01-06,,0.016883,0.007465
2021-01-07,,0.004028,0.010211
2021-01-08,,0.007408,0.019291
2021-01-12,,0.00153,0.020619
2021-01-13,,0.020877,0.015274
2021-01-14,,0.013911,-6e-05
2021-01-15,,-0.009511,-0.006363
2021-01-19,,0.004481,-0.00772
2021-01-20,,-0.006094,0.00567
2021-01-21,,0.000529,0.018892
2021-01-22,,0.00528,0.00465
2021-01-25,,0.003813,-0.003398
2021-01-26,,0.009964,0.003704
2021-01-27,,-0.003572,-0.000644
2021-01-28,,0.011688,-0.030829
2021-01-29,,-0.010172,0.003145
2021-02-01,,0.006664,-0.02333
2021-02-02,,0.00926,0.025986
2021-02-03,,0.003135,0.021237
2021-02-04,,0.00098,-0.005596
2021-02-05,,-0.000714,0.010663
2021-02-08,,0.00881,0.009555
2021-02-09,,-0.007017,0.00569
2021-02-10,,0.002027,-0.005542
2021-02-12,,-0.001728,-0.009869
2021-02-16,,0.016661,0.001411
2021-02-17,,0.011403,-0.004345
2021-02-18,,-0.020158,0.005779
2021-02-19,,-0.008137,0.000293
2021-02-22,,0.005389,-0.005803
2021-02-24,,-0.0135,-0.021106
2021-02-25,,-0.005446,0.010488
2021-02-26,,-0.013012,-0.037197
2021-03-01,,-0.002685,0.004175
2021-03-02,,-0.011585,0.023456
2021-03-03,,0.007616,-0.01152
2021-03-04,,-0.003243,-0.023492
2021-03-05,,0.009907,-0.021168
2021-03-08,,0.000981,0.006353
2021-03-09,,0.005625,0.001212
2021-03-10,,0.00175,0.037768
2021-03-11,,-0.000217,0.005094
2021-03-12,,7.9e-05,0.015326
2021-03-15,,0.010196,0.002947
2021-03-16,,0.002076,0.013432
2021-03-17,,0.004829,-0.010354
2021-03-18,,0.012585,0.01405
2021-03-19,,0.008288,-0.024468
2021-03-22,,0.002099,0.005983
2021-03-23,,-0.006364,0.006583
2021-03-24,,-0.016918,-0.009386
2021-03-25,,0.009875,-0.014785
2021-03-26,,0.001627,0.008759
2021-03-29,,-0.004142,0.008319
2021-03-30,,-0.003476,-0.00548
2021-03-31,,-0.003368,0.009809
2021-04-01,,-0.01463,0.007795
2021-04-05,,0.016481,0.008032
2021-04-06,,-0.018933,0.022725
2021-04-07,,0.004202,0.004329
2021-04-08,,-0.010457,-0.002988
2021-04-09,,0.009067,0.004726
2021-04-12,,-0.008185,0.009523
2021-04-13,,0.005201,0.006421
2021-04-14,,-0.003026,0.010559
2021-04-15,,0.00485,-0.009833
2021-04-16,,-4.7e-05,0.007166
2021-04-19,,-0.006916,0.007732
2021-04-20,,-0.009503,-0.01123
2021-04-21,,-0.001815,-0.012595
2021-04-22,,-0.0015,0.013325
2021-04-23,,0.003828,-0.011071
2021-04-26,,-0.00215,0.010456
2021-04-27,,0.001902,0.004387
2021-04-28,,0.00736,-0.001176
2021-04-30,,-0.00778,-0.001177
2021-05-06,,0.007592,0.003871
2021-05-07,,0.000564,0.002163
2021-05-10,,0.008696,0.008975
2021-05-11,,-0.003845,-0.017791
2021-05-12,,-0.004312,-0.011292
2021-05-13,,-0.002702,-0.033858
2021-05-14,,0.003414,0.007081
2021-05-17,,-0.011122,0.017339
2021-05-18,,0.010032,-0.001816
2021-05-19,,0.000322,-0.007804
2021-05-20,,-0.000929,-0.008397
2021-05-21,,-0.006204,0.010258
2021-05-24,,0.009095,-0.005018
2021-05-25,,-0.002365,0.009908
2021-05-26,,0.001402,0.003172
2021-05-27,,-0.006728,0.009546
2021-05-28,,0.007516,0.004003
2021-06-01,,-0.00962,-0.001387
2021-06-02,,0.002579,-0.001909
2021-06-03,,0.005995,-0.004637
2021-06-04,,-0.000799,-0.011881
2021-06-07,,-0.004481,0.008016
2021-06-08,,0.020241,0.0
2021-06-09,,-0.004154,0.008069
2021-06-10,,-0.005277,-0.00551
2021-06-11,,-0.001108,0.004724
2021-06-14,,-0.001337,0.005457
2021-06-15,,0.007244,0.000288
2021-06-16,,0.004764,-0.00531
2021-06-17,,-0.007048,0.000464
2021-06-18,,-0.00141,0.00377
2021-06-21,,-0.000464,-0.005258
2021-06-22,,0.011408,0.007707
2021-06-23,,0.001961,0.00941
2021-06-24,,0.004679,0.007721
2021-06-25,,0.002079,0.003405
2021-06-28,,0.000564,0.006335
2021-06-29,,0.000663,0.000225
2021-06-30,,-0.00611,0.002472
2021-07-01,,-0.003488,0.000785
2021-07-02,,0.006299,0.005657
2021-07-06,,-0.005696,0.008799
2021-07-07,,-0.000339,0.001159
2021-07-08,,-0.007678,-0.000552
2021-07-09,,0.007309,-0.002483
2021-07-12,,0.000174,0.009347
2021-07-13,,0.006644,0.00685
2021-07-14,,0.004011,-0.011974
2021-07-15,,-0.009113,-0.001817
2021-07-16,,-0.001387,-0.005408
2021-07-19,,-0.001568,-0.012318
2021-07-20,,0.003476,-0.01146
2021-07-21,,-0.011503,0.018469
2021-07-26,,-0.004646,0.009206
2021-07-27,,0.003465,0.007421
2021-07-28,,0.001424,-0.010128
2021-07-29,,-0.001452,-0.003228
2021-07-30,,-0.007761,0.011254
2021-08-02,,0.0053,-0.020573
2021-08-03,,-0.002325,0.002882
2021-08-04,,-0.00367,0.007405
2021-08-05,,0.004066,-0.00971
2021-08-06,,0.006311,0.009583
2021-08-10,,-0.00277,-0.006804
2021-08-11,,0.003984,0.003928
2021-08-12,,-0.002037,0.00292
2021-08-13,,-0.000556,0.00044
2021-08-16,,-0.012886,-0.002856
2021-08-17,,0.000188,-0.004626
2021-08-18,,0.000289,-0.023739
2021-08-19,,-0.013091,0.003571
2021-08-20,,0.004609,-0.006382
2021-08-23,,0.001249,0.009606
2021-08-24,,0.001654,0.012893
2021-08-25,,-0.002553,0.007059
2021-08-26,,-0.002386,0.003864
2021-08-27,,-0.002642,-0.009237
2021-08-30,,0.001378,0.009101
2021-08-31,,0.00548,0.007534
2021-09-01,,0.010202,0.002401
2021-09-02,,-0.000547,-5.4e-05
2021-09-03,,0.012315,-5.4e-05
2021-09-07,,-0.004844,-0.000599
2021-09-08,,0.010267,0.002943
2021-09-09,,0.007646,0.001141
2021-09-10,,0.007992,-0.001302
2021-09-13,,0.008993,-0.006141
2021-09-14,,0.002608,0.002461
2021-09-15,,-0.00371,-0.003327
2021-09-16,,-0.004988,0.006457
2021-09-17,,0.000774,0.004567
2021-09-21,,0.006882,-0.003518
2021-09-22,,-0.006863,0.001503
2021-09-24,,0.000936,0.013618
2021-09-27,,0.000132,0.003746
2021-09-28,,0.002,0.005354
2021-09-29,,-0.00464,-0.019259
2021-09-30,,-0.004791,0.000988
2021-10-01,,-0.010457,-0.016658
2021-10-04,,-0.020086,0.007523
2021-10-05,,0.004916,-0.007909
2021-10-06,,0.0042,0.004014
2021-10-07,,-0.004069,0.003165
2021-10-08,,0.002369,0.015554
2021-10-11,,0.022631,-0.004578
2021-10-12,,0.002727,-0.004052
2021-10-13,,-0.0076,0.007917
2021-10-14,,0.000561,0.004909
2021-10-15,,-2.8e-05,0.010476
2021-10-18,,0.003604,0.015309
2021-10-19,,-0.009278,0.012222
2021-10-20,,-0.002598,-0.002822
2021-10-21,,-0.010629,-0.000734
2021-10-22,,-0.00471,0.014687
2021-10-25,,0.008234,-0.003567
2021-10-26,,-0.00237,0.024799
2021-10-27,,-0.007346,0.000152
2021-10-28,,-0.000708,0.002227
2021-10-29,,-0.000165,0.013283
2021-11-01,,0.006464,0.002592
2021-11-02,,-0.010374,0.018345
2021-11-04,,-0.00308,-0.006737
2021-11-05,,-0.001202,0.013471
2021-11-08,,-0.003401,0.006431
2021-11-09,,-0.015897,-0.014153
2021-11-10,,-0.003731,-0.018486
2021-11-11,,0.004548,-0.003718
2021-11-12,,0.003323,-0.0027
2021-11-15,,-0.00037,0.003348
2021-11-16,,-0.00195,-0.000834
2021-11-17,,-0.007704,0.015765
2021-11-18,,-0.00866,0.006382
2021-11-19,,0.000866,0.011338
2021-11-22,,0.006179,0.004323
2021-11-24,,-0.000544,-0.002507
2021-11-26,,-0.015985,0.002054
2021-11-29,,-0.015711,-0.027265
2021-11-30,,-0.027474,0.015534
2021-12-01,,0.015042,-0.013511
2021-12-02,,-0.00874,-0.018049
2021-12-03,,0.011413,0.014247
2021-12-06,,-0.007434,-0.019449
2021-12-07,,0.008656,0.01142
2021-12-08,,-0.001633,0.023325
2021-12-09,,-0.002618,0.002516
2021-12-10,,0.001112,-0.01733
2021-12-13,,-0.005596,0.006976
2021-12-14,,0.003856,-0.025757
2021-12-15,,0.008398,-0.005808
2021-12-16,,0.002067,0.012692
2021-12-17,,-0.001115,-0.022082
2021-12-20,,-0.021975,-0.006815
2021-12-21,,0.00929,-0.016144
2021-12-22,,-0.006739,0.025906
2021-12-23,,-0.003481,0.01824
2021-12-27,,-0.003493,0.013872
2021-12-28,,-0.003404,0.009745
2021-12-29,,0.006614,0.000439
2021-12-30,,-0.003487,0.001997
2022-01-04,,0.011372,-0.003598
2022-01-05,,0.01109,-0.006086
2022-01-06,,-0.00595,-0.026982
2022-01-07,,0.008194,-0.002606
2022-01-11,,0.001646,-0.016662
2022-01-12,,0.00973,0.009634
2022-01-13,,0.01308,0.006594
2022-01-14,,0.00337,-0.0201
2022-01-18,,-0.007519,-0.00466
2022-01-19,,-0.011149,-0.018929
2022-01-20,,0.010762,-0.018049
2022-01-21,,0.00597,-0.018224
2022-01-24,,0.009243,-0.029322
2022-01-25,,-0.007771,0.012028
2022-01-26,,-0.003748,-0.016923
2022-01-27,,-0.008817,-0.004847
2022-01-28,,0.008098,-0.02424
2022-01-31,,0.004269,0.021801
2022-02-01,,-0.00042,0.038462
2022-02-02,,0.017727,0.006056
2022-02-03,,0.008939,-0.005965
2022-02-04,,0.001534,-0.030601
2022-02-07,,0.008991,0.028444
2022-02-08,,-0.003102,-0.002061
2022-02-09,,-0.00356,0.014074
2022-02-10,,-0.002621,0.013236
2022-02-14,,0.013398,-0.017241
2022-02-15,,-0.001119,0.005707
2022-02-16,,-0.001767,0.022368
2022-02-17,,-0.004958,0.002856
2022-02-18,,0.001204,-0.02676
2022-02-22,,-0.007404,-0.006184
2022-02-24,,-0.006254,-0.029167
2022-02-25,,-0.016655,0.022852
2022-02-28,,0.008134,0.019795
2022-03-01,,-0.002555,0.007038
2022-03-02,,-0.010919,-0.015161
2022-03-03,,0.008138,0.021003
2022-03-04,,-0.012305,-0.022645
2022-03-07,,0.000253,-0.015886
2022-03-08,,-0.02063,-0.049009
2022-03-09,,-0.001439,0.002084
2022-03-10,,0.009295,0.032165
2022-03-11,,0.019504,0.00711
2022-03-14,,0.004897,-0.019236
2022-03-15,,0.014752,-0.016675
2022-03-16,,0.010544,0.033488
2022-03-17,,0.004588,0.034114
2022-03-18,,-0.000217,0.016666
2022-03-22,,-0.002032,0.021052
2022-03-23,,0.011098,0.024822
2022-03-24,,0.00259,-0.012409
2022-03-25,,0.000154,0.007791
2022-03-28,,-0.007431,-0.001742
2022-03-29,,0.006238,0.026669
2022-03-30,,-0.009548,0.017424
2022-03-31,,-0.009187,-0.015193
2022-04-01,,0.007324,-0.019192
2022-04-04,,0.004178,0.001243
2022-04-05,,-0.01612,0.022459
2022-04-06,,-0.007915,-0.023444
2022-04-07,,-0.001629,-0.025521
2022-04-08,,-0.006931,0.005105
2022-04-11,,0.003526,-0.009219
2022-04-12,,-0.009055,-0.018554
2022-04-13,,0.006155,0.002214
2022-04-14,,-0.007441,0.024867
2022-04-18,,0.000156,-0.013983
2022-04-19,,0.004514,0.003027
2022-04-20,,0.007986,0.029004
2022-04-21,,0.002506,-0.012871
2022-04-22,,0.000478,-0.009683
2022-04-25,,-0.004597,-0.023222
2022-04-26,,0.002951,0.007223
2022-04-27,,0.000982,-0.050596
2022-04-28,,0.010563,0.000119
2022-05-02,,-0.001447,0.020517
2022-05-06,,0.000526,0.014612
2022-05-09,,-0.0077,-0.012673
2022-05-10,,0.007427,-0.042618
2022-05-11,,0.002413,-0.002972
2022-05-12,,-0.002049,-0.035837
2022-05-13,,0.011017,0.006871
2022-05-16,,-0.022306,0.039372
2022-05-17,,-0.005694,-0.021599
2022-05-18,,-0.008443,0.02523
2022-05-19,,0.01791,-0.065384
2022-05-20,,0.002893,0.000701
2022-05-23,,0.001694,-0.017425
2022-05-24,,-0.005441,0.007478
2022-05-25,,0.005201,-0.025732
2022-05-26,,-0.010289,0.028225
2022-05-27,,-0.006282,0.049044
2022-05-31,,-0.00525,0.034306
2022-06-01,,0.004359,0.005073
2022-06-02,,-0.000409,-0.010418
2022-06-03,,-0.006288,0.030602
2022-06-06,,0.011515,-0.029249
2022-06-07,,0.002938,0.01
2022-06-08,,0.013787,-0.002459
2022-06-09,,0.010572,-0.005903
2022-06-10,,-0.009685,-0.018076
2022-06-13,,0.006416,-0.039875
2022-06-14,,0.003093,-0.046168
2022-06-15,,-0.011674,-0.000798
2022-06-16,,-0.003734,0.028107
2022-06-17,,0.010531,-0.048954
2022-06-21,,0.002808,0.010919
2022-06-22,,0.004619,0.028604
2022-06-23,,0.011841,-0.001933
2022-06-24,,0.00536,0.01571
2022-06-27,,0.004131,0.038138
2022-06-28,,0.010659,-0.010477
2022-06-29,,-0.003387,-0.039945
2022-06-30,,-0.000181,-0.000788
2022-07-01,,-0.018243,-0.014692
2022-07-05,,-0.003968,0.018403
2022-07-06,,-0.021087,0.022356
2022-07-07,,0.003937,-0.003284
2022-07-08,,-0.000974,0.025794
2022-07-11,,0.00405,0.000136
2022-07-12,,-0.004213,-0.027396
2022-07-13,,0.005966,-0.006041
2022-07-14,,0.013866,0.008198
2022-07-15,,0.001167,-0.000841
2022-07-19,,0.001162,0.016136
2022-07-20,,0.00519,0.030635
2022-07-21,,0.003535,0.016432
2022-07-22,,-0.000443,0.022869
2022-07-25,,0.004788,-0.005782
2022-07-26,,0.002691,-0.008595
2022-07-27,,0.001293,-0.032199
2022-07-28,,-0.005847,0.03785
2022-07-29,,-0.007499,0.017197
2022-08-01,,0.007247,0.038788
2022-08-02,,-0.014776,0.004974
2022-08-03,,-0.007664,-0.006844
2022-08-04,,-0.006778,0.024366
2022-08-05,,0.008608,0.004085
2022-08-08,,0.013367,-0.017049
2022-08-09,,-0.00836,0.004503
2022-08-10,,-0.003244,-0.015935
2022-08-12,,0.013215,0.028199
2022-08-15,,0.001095,0.02263
2022-08-16,,0.000956,0.006886
2022-08-17,,0.004398,0.011047
2022-08-18,,-0.006185,-0.010753
2022-08-19,,0.003314,-0.000292
2022-08-22,,0.00665,-0.020636
2022-08-23,,-0.002764,-0.027756
2022-08-24,,-0.002679,0.002824
2022-08-25,,0.002984,0.004286
2022-08-26,,-0.004161,0.011948
2022-08-29,,0.011121,-0.038073
2022-08-30,,0.007585,-0.005323
2022-08-31,,0.001465,-0.011144
2022-09-01,,-0.01423,-0.009869
2022-09-02,,-0.002918,0.009131
2022-09-06,,-0.006753,-0.009176
2022-09-07,,-0.006471,-0.002058
2022-09-08,,0.008513,0.030676
2022-09-09,,-0.005165,0.009316
2022-09-12,,-0.008534,0.018957
2022-09-13,,0.001657,0.012889
2022-09-14,,0.004128,-0.051561
2022-09-15,,0.002117,0.012847
2022-09-16,,0.004027,-0.005124
2022-09-20,,-0.005001,-0.008039
2022-09-21,,-0.00719,-0.016955
2022-09-22,,0.00603,-0.023675
2022-09-26,,0.003516,-0.023075
2022-09-27,,0.007273,-0.002254
2022-09-28,,-0.005552,0.003149
2022-09-29,,-0.002777,0.027022
2022-09-30,,-0.007617,-0.034549
2022-10-03,,0.010396,-0.019682
2022-10-04,,0.016993,0.000983
2022-10-05,,-0.007931,0.034925
2022-10-06,,0.002571,-0.005896
2022-10-07,,0.001118,-0.007089
2022-10-11,,-0.002524,-0.034395
2022-10-12,,0.00563,-0.008156
2022-10-13,,-0.005711,0.002597
2022-10-14,,0.002042,0.010935
2022-10-17,,-0.005235,-0.037361
2022-10-18,,-0.001696,0.040585
2022-10-19,,0.007141,0.013783
2022-10-20,,0.003905,-0.011212
2022-10-21,,-0.005203,-0.019348
2022-10-24,,-0.01116,0.029125
2022-10-25,,0.005646,0.004143
2022-10-26,,-0.005993,0.025037
2022-10-27,,-0.013123,-0.008051
2022-10-28,,-0.006285,-0.003851
2022-10-31,,0.000678,0.000898
2022-11-01,,0.010913,-0.006416
2022-11-02,,0.011036,-0.010136
2022-11-04,,-0.005211,-0.037806
2022-11-07,,0.004958,0.00836
2022-11-08,,0.003212,-0.006982
2022-11-09,,-0.008743,-0.00249
2022-11-10,,0.009021,-0.030543
2022-11-11,,0.006595,0.073084
2022-11-14,,-0.008367,0.023996
2022-11-15,,0.003046,-0.015852
2022-11-16,,0.003582,0.013656
2022-11-17,,0.008949,-0.015269
2022-11-18,,0.01119,-0.012138
2022-11-21,,-0.002231,0.00135
2022-11-22,,0.011698,-0.014469
2022-11-25,,0.00038,0.011299
2022-11-28,,-0.003407,0.000561
2022-11-29,,-0.004731,-0.00617
2022-11-30,,-0.001647,-0.003174
2022-12-01,,-0.008587,0.034466
2022-12-02,,-0.007982,-0.000136
2022-12-05,,-0.00391,-0.0013
2022-12-06,,0.006496,-0.028844
2022-12-07,,0.003003,-0.015591
2022-12-08,,-0.000111,-0.00602
2022-12-09,,0.007442,0.009661
2022-12-12,,0.002129,-0.004356
2022-12-13,,0.008224,0.00251
2022-12-14,,0.002857,0.0
2022-12-15,,0.001046,-0.00744
2022-12-16,,-0.005377,-0.016434
2022-12-19,,0.004498,-0.018687
2022-12-20,,-0.005493,-0.016055
2022-12-21,,-0.00825,-0.011644
2022-12-22,,0.00143,0.015939
2022-12-23,,0.007016,-0.025693
2022-12-27,,0.003491,0.006845
2022-12-28,,-0.000802,-0.016225
2022-12-29,,-0.004463,-0.008403
2022-12-30,,-0.007511,0.02574
2023-01-04,,-0.008563,-0.002702
2023-01-05,,0.001486,0.014487
2023-01-06,,0.009594,-0.00929
2023-01-10,,-0.010938,0.023481
2023-01-11,,0.01668,0.012569
2023-01-12,,0.017249,0.026981
2023-01-13,,0.002127,0.001665
2023-01-17,,-7.2e-05,0.009393
2023-01-18,,0.00491,0.000716
2023-01-19,,-0.004937,-0.013019
2023-01-20,,0.010609,-0.016596
2023-01-23,,0.001613,0.024246
2023-01-24,,0.003325,0.015614
2023-01-25,,0.008,-0.001133
2023-01-26,,-0.005649,0.005107
2023-01-27,,0.001583,0.020464
2023-01-30,,-0.000989,0.022682
2023-01-31,,0.011956,-0.01704
2023-02-01,,-0.002752,0.022907
2023-02-02,,-0.003843,0.018964
2023-02-03,,0.002764,0.030623
2023-02-06,,-0.000156,-0.030802
2023-02-07,,-0.002783,-0.001454
2023-02-08,,-0.001097,0.002316
2023-02-09,,0.007716,-0.008516
2023-02-10,,-0.002386,-0.001864
2023-02-13,,-0.00296,-0.01174
2023-02-14,,0.003259,0.014647
2023-02-15,,-0.006217,0.011974
2023-02-16,,0.003819,0.011701
2023-02-17,,0.001576,-0.021832
2023-02-21,,-0.005032,0.000199
2023-02-22,,-0.006522,-0.033406
2023-02-24,,0.000331,0.005084
2023-02-27,,0.007453,-0.015736
2023-02-28,,-0.000982,0.012373
2023-03-01,,0.007688,-0.000687
2023-03-02,,-0.006369,-0.012574
2023-03-03,,0.007324,-0.00334
2023-03-06,,-0.000729,0.021504
2023-03-07,,0.003165,-0.007313
2023-03-08,,0.011635,-0.013633
2023-03-09,,0.007309,-0.001815
2023-03-10,,-0.001745,-0.023846
2023-03-13,,-0.003799,-0.009958
2023-03-14,,-0.003781,0.002099
2023-03-15,,-0.003546,0.016969
2023-03-16,,0.014993,-0.001491
2023-03-17,,1.1e-05,0.018061
2023-03-20,,-0.01116,-0.012782
2023-03-22,,0.002705,0.004329
2023-03-23,,0.001697,-0.022279
2023-03-24,,0.005999,-0.001055
2023-03-27,,-0.000975,-0.003238
2023-03-28,,0.002052,0.002048
2023-03-29,,0.011242,-0.001199
2023-03-30,,-0.001659,0.018984
2023-03-31,,-0.000539,0.008726
2023-04-03,,0.010298,0.026708
2023-04-04,,0.002678,-0.009161
2023-04-05,,-0.012703,-0.00162
2023-04-06,,0.008797,-0.020483
2023-04-10,,0.000841,0.000207
2023-04-11,,0.003402,0.004416
2023-04-12,,0.001909,0.00158
2023-04-13,,-0.000426,-0.015501
2023-04-14,,0.006216,0.022084
2023-04-17,,-0.005171,0.001295
2023-04-18,,-0.001523,0.00708
2023-04-19,,-0.002595,0.001622
2023-04-20,,-3e-05,-0.000945
2023-04-21,,0.005362,-0.015401
2023-04-24,,0.001871,0.011045
2023-04-25,,-0.001958,-0.000135
2023-04-26,,0.002429,-0.019817
2023-04-27,,0.011968,-0.005124
2023-04-28,,0.009485,0.026376
2023-05-01,,0.004753,0.002577
2023-05-02,,-0.007797,-0.009874
2023-05-08,,-0.009372,0.001025
2023-05-09,,0.013278,0.003397
2023-05-10,,-0.005226,-0.000271
2023-05-11,,-0.000514,0.00508
2023-05-12,,0.015666,0.00465
2023-05-15,,-0.001993,-0.008451
2023-05-16,,-0.005625,0.001285
2023-05-17,,-0.006442,-0.004053
2023-05-18,,0.006866,0.020825
2023-05-19,,-0.005088,0.015549
2023-05-22,,0.013054,-0.008375
2023-05-23,,-0.00787,-0.003101
2023-05-24,,0.010152,-0.009134
2023-05-25,,-0.002622,-0.003674
2023-05-26,,-0.005702,-0.004492
2023-05-30,,0.002625,0.023505
2023-05-31,,-0.007387,0.006712
2023-06-01,,0.009902,-0.00902
2023-06-02,,0.00871,0.011807
2023-06-05,,0.003138,0.023468
2023-06-06,,0.010534,0.002994
2023-06-07,,-3.9e-05,0.010415
2023-06-08,,-0.008858,-0.006788
2023-06-09,,0.008069,0.014808
2023-06-12,,6.9e-05,0.005175
2023-06-13,,-0.001431,0.017184
2023-06-14,,0.009501,0.010368
2023-06-15,,-0.004694,-0.000724
2023-06-16,,0.008767,0.006524
2023-06-20,,-0.002085,-0.0015
2023-06-21,,0.007279,0.007492
2023-06-22,,0.004269,-0.012015
2023-06-23,,-0.003599,0.012766
2023-06-26,,0.001125,-0.01159
2023-06-27,,-0.004134,-0.012814
2023-06-28,,0.011462,0.021491
2023-06-29,,-0.009326,0.003956
2023-06-30,,-0.005276,0.001075
2023-07-03,,0.004863,0.012703
2023-07-05,,5.1e-05,0.012072
2023-07-06,,-0.0016,0.000407
2023-07-07,,-0.006708,-0.016111
2023-07-10,,-0.00971,0.001241
2023-07-11,,-0.008485,0.00307
2023-07-12,,-0.013744,0.008358
2023-07-13,,0.006152,0.00899
2023-07-14,,-0.019768,0.009372
2023-07-18,,0.006864,0.002579
2023-07-19,,-1.4e-05,0.0041
2023-07-20,,-0.004372,0.003516
2023-07-21,,0.013693,-0.034073
2023-07-24,,0.004554,0.000234
2023-07-25,,0.004045,0.006551
2023-07-26,,0.001748,-0.002324
2023-07-27,,0.008302,-0.000233
2023-07-28,,0.009435,-0.010369
2023-07-31,,0.003687,0.016953
2023-08-01,,-0.000216,0.005673
2023-08-02,,-0.003204,-0.011339
2023-08-03,,-0.005543,-0.017931
2023-08-04,,0.010125,0.002371
2023-08-07,,0.011096,0.014549
2023-08-08,,-0.002844,0.01026
2023-08-09,,0.001831,-0.007963
2023-08-10,,0.021421,-0.011865
2023-08-14,,-0.012855,0.002413
2023-08-15,,0.003147,0.003064
2023-08-16,,0.004873,-0.013628
2023-08-17,,-0.005793,-0.012387
2023-08-18,,0.001828,-0.016944
2023-08-21,,0.003847,-0.002269
2023-08-22,,0.0029,0.011496
2023-08-23,,0.010081,0.001459
2023-08-24,,0.007154,0.008011
2023-08-25,,0.003642,-0.019568
2023-08-28,,0.001315,0.011177
2023-08-29,,-0.003554,0.004008
2023-08-30,,-0.001104,0.024982
2023-08-31,,0.002689,0.004308
2023-09-01,,0.011644,0.003114
2023-09-05,,-0.004719,-0.006092
2023-09-06,,-0.004712,0.000707
2023-09-07,,-0.004446,-0.008893
2023-09-08,,0.002687,0.002793
2023-09-11,,-0.00323,0.0
2023-09-12,,0.009152,0.026904
2023-09-13,,0.002508,-0.00906
2023-09-14,,0.007142,0.00792
2023-09-15,,-0.001159,0.009822
2023-09-19,,0.007456,-0.017107
2023-09-20,,-0.016257,-0.005011
2023-09-21,,0.002883,-0.009955
2023-09-22,,-0.003371,-0.027291
2023-09-25,,0.00327,-0.009844
2023-09-26,,0.000382,0.006152
2023-09-27,,0.003426,-0.018219
2023-09-28,,-0.006847,-0.003837
2023-09-29,,-0.015804,0.011177
2023-10-02,,-0.013086,0.005308
2023-10-03,,-0.024336,0.000808
2023-10-04,,-0.012039,-0.024331
2023-10-05,,0.009105,0.019721
2023-10-06,,0.001302,-0.004991
2023-10-10,,0.00447,0.007022
2023-10-11,,-0.003763,0.010947
2023-10-12,,0.016627,0.003568
2023-10-13,,-0.004516,-0.010912
2023-10-16,,-0.015389,-0.01469
2023-10-17,,-0.002899,0.016167
2023-10-18,,0.01075,0.002352
2023-10-19,,0.000726,-0.023468
2023-10-20,,-0.001115,-0.02555
2023-10-23,,-0.00092,-0.015511
2023-10-24,,-0.002111,0.001187
2023-10-25,,0.001962,0.010667
2023-10-26,,7.4e-05,-0.020197
2023-10-27,,0.011919,-0.015626
2023-10-30,,-0.002632,0.01047
2023-10-31,,0.003048,0.009158
2023-11-01,,0.00367,0.007552
2023-11-02,,-0.001827,0.01236
2023-11-06,,-0.002903,0.026107
2023-11-07,,-0.00496,0.001248
2023-11-08,,-0.020113,0.011158
2023-11-09,,0.015807,-0.002651
2023-11-10,,0.019519,-0.018667
2023-11-13,,-0.001767,0.016629
2023-11-14,,0.000111,0.004275
2023-11-15,,0.003794,0.033685
2023-11-16,,-0.0108,0.001194
2023-11-17,,0.007089,-0.010253
2023-11-20,,-0.002361,0.006686
2023-11-21,,-0.002216,0.005145
2023-11-22,,0.007995,-0.00256
2023-11-24,,-0.007392,0.003044
2023-11-27,,-0.005145,0.000952
2023-11-28,,-0.002533,0.001605
2023-11-29,,-0.011394,0.005756
2023-11-30,,0.000766,-0.002714
2023-12-01,,-0.003954,-0.00142
2023-12-04,,-0.007527,0.013687
2023-12-05,,0.000829,-0.003799
2023-12-06,,0.011168,0.00176
2023-12-07,,-0.008097,0.001464
2023-12-08,,-0.010972,0.008246
2023-12-11,,-0.00439,0.004582
2023-12-12,,-0.004225,0.002656
2023-12-13,,-0.008588,0.00311
2023-12-14,,-0.023048,0.013089
2023-12-15,,0.002117,0.01343
2023-12-18,,0.002317,0.002069
2023-12-19,,-0.000506,0.006205
2023-12-20,,0.003416,0.007833
2023-12-21,,-0.000851,-0.018246
2023-12-22,,0.005153,0.015216
2023-12-26,,-0.000867,-0.007356
2023-12-27,,0.012072,0.004235
2023-12-28,,0.002605,0.00344
2023-12-29,,-0.001388,-0.005197
2024-01-04,,0.014371,-0.00617
2024-01-05,,-0.001019,-0.007029
2024-01-09,,-0.011299,0.001566
2024-01-10,,0.010869,-0.003702
2024-01-11,,0.001787,0.008004
2024-01-12,,0.010016,-0.001304
2024-01-16,,0.01195,-0.01204
2024-01-17,,-0.008415,-0.00115
2024-01-18,,-0.001958,-0.008748
2024-01-19,,-0.010055,0.00569
2024-01-22,,0.002751,0.009641
2024-01-23,,-0.003277,-0.004403
2024-01-24,,-0.006709,-0.002412
2024-01-25,,-0.000137,-0.0038
2024-01-26,,-0.011365,-0.012367
2024-01-29,,0.013572,0.004564
2024-01-30,,-0.005808,0.01462
2024-01-31,,0.010438,-0.000574
2024-02-01,,0.004681,-0.018209
2024-02-02,,-0.007144,0.019249
2024-02-05,,0.004037,0.017852
2024-02-06,,-0.006026,-0.014099
2024-02-07,,0.002322,0.006063
2024-02-08,,-0.004559,0.011201
2024-02-09,,0.002747,0.004386
2024-02-13,,0.002589,0.00711
2024-02-14,,-0.008413,-0.019916
2024-02-15,,-0.008798,0.010558
2024-02-16,,0.00775,0.011571
2024-02-20,,-0.00084,-0.005941
2024-02-21,,0.004292,-0.00944
2024-02-22,,0.006461,0.007387
2024-02-26,,0.004398,0.019424
2024-02-27,,-0.003548,0.003089
2024-02-28,,0.006619,0.003299
2024-02-29,,0.002982,0.003946
2024-03-01,,0.016634,0.00677
2024-03-04,,-0.00612,0.003308
2024-03-05,,0.004152,-0.013512
2024-03-06,,0.003959,-0.012437
2024-03-07,,-0.003484,-0.003551
2024-03-08,,0.001583,0.007628
2024-03-11,,-0.024376,-0.003702
2024-03-12,,0.002554,-0.002718
2024-03-13,,-0.004701,0.00862
2024-03-14,,0.000861,-0.002095
2024-03-15,,0.007335,-0.006354
2024-03-18,,0.010371,-0.009953
2024-03-19,,0.002935,0.007638
2024-03-21,,0.010687,0.008658
2024-03-22,,-0.008522,0.005839
2024-03-25,,-0.00546,-0.008734
2024-03-26,,-0.000231,-0.003284
2024-03-27,,0.005497,0.001263
2024-03-28,,-0.006406,0.011571
2024-04-01,,-0.008558,-0.00309
2024-04-02,,-0.008946,-0.00745
2024-04-03,,0.011803,-0.014738
2024-04-04,,0.001402,0.000723
2024-04-05,,-0.001816,-0.011725
2024-04-08,,-0.001648,0.005567
2024-04-09,,0.005953,0.009506
2024-04-10,,-0.003166,0.004708
2024-04-11,,0.012739,-0.015437
2024-04-12,,-0.001475,0.008063
2024-04-15,,0.010763,-0.016219
2024-04-16,,-0.009135,-0.016656
2024-04-17,,-0.022523,-0.005684
2024-04-18,,0.006188,-0.004851
2024-04-19,,-0.000832,-0.006209
2024-04-22,,0.005934,-0.008759
2024-04-23,,-0.002705,0.004418
2024-04-24,,0.001918,0.011905
2024-04-25,,-0.007595,0.009563
2024-04-26,,0.002068,0.000861
2024-04-30,,0.008689,0.009005
2024-05-01,,0.006285,-0.024333
2024-05-02,,0.005665,-0.006263
2024-05-07,,-0.007238,0.012606
2024-05-08,,-0.008003,-0.007174
2024-05-09,,-0.004608,-0.003753
2024-05-10,,0.007439,0.006804
2024-05-13,,-0.001537,-0.005361
2024-05-14,,-0.00184,-0.001292
2024-05-15,,-0.002427,0.004554
2024-05-16,,-0.000758,0.001511
2024-05-17,,0.000935,-0.006482
2024-05-20,,0.022145,0.005118
2024-05-21,,-0.002316,-0.007443
2024-05-22,,-0.005937,0.006427
2024-05-23,,0.004586,-0.01042
2024-05-24,,0.00793,-0.01619
2024-05-28,,0.006039,0.01007
2024-05-29,,-0.008248,-0.00245
2024-05-30,,0.004347,-0.006567
2024-05-31,,0.021082,0.005921
2024-06-03,,0.007595,0.0056
2024-06-04,,-0.001491,-0.000455
2024-06-05,,0.001843,0.001023
2024-06-06,,-0.007555,0.00585
2024-06-07,,-0.002378,0.007284
2024-06-10,,0.007935,-0.004092
2024-06-11,,0.000612,0.003208
2024-06-12,,-0.004499,-0.002637
2024-06-13,,-0.015679,0.010407
2024-06-14,,0.00265,0.000779
2024-06-17,,-0.002671,-0.0079
2024-06-18,,-0.014995,0.017552
2024-06-20,,0.002033,-0.003362
2024-06-21,,-0.008882,0.001272
2024-06-24,,0.001614,0.008449
2024-06-25,,0.020783,-0.00427
2024-06-26,,0.001041,-0.004023
2024-06-27,,-0.009867,0.014498
2024-06-28,,0.003061,0.006109
2024-07-01,,0.005993,-0.011114
2024-07-02,,0.00497,0.003399
2024-07-03,,-0.006632,0.019452
2024-07-05,,-0.009438,0.006378
2024-07-08,,0.001817,0.008148
2024-07-09,,0.005205,0.000475
2024-07-10,,0.004735,0.003327
2024-07-11,,0.009219,0.007525
2024-07-12,,-0.006252,-0.012693
2024-07-16,,-0.00329,0.013067
2024-07-17,,-0.000193,0.017933
2024-07-18,,0.005117,-0.016692
2024-07-19,,-0.000664,-0.010185
2024-07-22,,-0.002432,-0.008918
2024-07-23,,0.002109,0.011022
2024-07-24,,-0.017621,-0.004477
2024-07-25,,0.007335,-0.040893
2024-07-26,,0.005144,-0.003916
2024-07-29,,0.014093,0.011185
2024-07-30,,3e-05,0.016702
2024-07-31,,0.03551,-0.005548
2024-08-01,,-0.034166,0.015491
2024-08-02,,-0.009673,-0.024535
2024-08-05,,-0.024017,-0.036798
2024-08-06,,0.011866,-0.02827
2024-08-07,,0.060279,0.011041
2024-08-08,,-0.002817,-0.01745
2024-08-09,,-0.024805,0.021817
2024-08-13,,0.009044,0.003338
2024-08-14,,0.004193,0.02505
2024-08-15,,0.014545,-0.005337
2024-08-16,,0.001262,0.031912
2024-08-19,,0.005152,0.002354
2024-08-20,,0.004268,0.012286
2024-08-21,,0.005125,-0.000917
2024-08-22,,0.00823,0.012634
2024-08-23,,0.004716,-0.017275
2024-08-26,,-0.0045,0.019315
2024-08-27,,0.007392,-0.007771
2024-08-28,,0.001247,-0.002629
2024-08-29,,0.00341,-0.009682
2024-08-30,,0.005622,0.001195
2024-09-03,,0.012779,0.015081
2024-09-04,,-0.007594,-0.013735
2024-09-05,,-0.005029,0.002601
2024-09-06,,-0.000933,0.01135
2024-09-09,,0.016207,-0.025277
2024-09-10,,-0.003405,0.014583
2024-09-11,,-0.016994,0.011456
2024-09-12,,-0.00026,0.00999
2024-09-13,,-0.005655,0.011267
2024-09-17,,0.002819,0.0068
2024-09-18,,-0.00992,0.0051
2024-09-19,,0.010833,-0.001968
2024-09-20,,-0.007128,0.022776
2024-09-24,,-0.011194,-0.002283
2024-09-25,,0.002169,0.008758
2024-09-26,,0.013407,-0.003593
2024-09-27,,0.005898,0.004257
2024-09-30,,0.012606,0.001496
2024-10-01,,0.011943,-0.00234
2024-10-02,,0.002987,-0.004043
2024-10-03,,-0.010194,-0.008469
2024-10-04,,0.005676,-0.011573
2024-10-07,,2.8e-05,0.013243
2024-10-08,,-0.011044,-0.015542
2024-10-09,,0.001734,0.009739
2024-10-10,,-0.010965,0.007158
2024-10-11,,-0.003096,-0.004939
2024-10-15,,-0.018237,-0.004255
2024-10-16,,0.003456,0.002178
2024-10-17,,-0.002131,0.005256
2024-10-18,,-0.012622,-0.000905
2024-10-21,,-0.004402,0.003925
2024-10-22,,-0.006288,-0.007769
2024-10-23,,-0.003963,-0.004041
2024-10-24,,0.012469,-0.015723
2024-10-25,,-0.00901,0.031537
2024-10-28,,0.020357,0.003147
2024-10-29,,0.010687,0.00234
2024-10-30,,0.008363,-0.005217
2024-10-31,,-0.002946,-0.001398
2024-11-01,,0.002445,-0.015304
2024-11-05,,0.005719,0.016253
2024-11-06,,0.000402,0.017703
2024-11-07,,-0.009988,0.031981
2024-11-08,,0.003619,0.012845
2024-11-11,,0.000898,0.014191
2024-11-12,,-0.006505,0.020175
2024-11-13,,-0.006348,-0.013351
2024-11-14,,-0.000342,0.008544
2024-11-15,,-0.00135,-0.014196
2024-11-18,,-0.001638,-0.008547
2024-11-19,,0.006476,0.00923
2024-11-20,,-0.004982,0.000743
2024-11-21,,-0.006333,-0.004407
2024-11-22,,0.004556,0.001771
2024-11-25,,-0.003553,0.014419
2024-11-26,,-0.004257,0.010225
2024-11-27,,-0.002406,0.003631
2024-11-29,,0.002538,-0.004929
2024-12-02,,0.004527,0.010271
2024-12-03,,0.000627,0.008727
2024-12-04,,-0.012025,-0.000758
2024-12-05,,-0.019909,0.009283
2024-12-06,,-0.003202,0.00818
2024-12-09,,-0.003925,0.021053
2024-12-10,,-0.008099,-0.003179
2024-12-11,,-0.00265,0.001638
2024-12-12,,-0.002152,0.017553
2024-12-13,,-0.004787,-0.008287
2024-12-16,,-0.008939,0.003965
2024-12-17,,-0.001354,0.013546
2024-12-18,,0.002669,0.003142
2024-12-19,,-0.004024,-0.045065
2024-12-20,,-0.009994,-0.001356
2024-12-23,,0.009263,0.00254
2024-12-24,,0.003541,0.003033
2024-12-26,,0.011908,0.023127
2024-12-27,,0.010676,-0.00371
2024-12-30,,-0.004504,-0.016524
2025-01-06,,-0.007663,-0.016062
2025-01-07,,0.002739,0.00394
2025-01-08,,0.000783,-0.019359
2025-01-10,,-0.011049,0.002833
2025-01-14,,-0.003757,-0.00982
2025-01-15,,-0.007693,-0.001936
2025-01-16,,-0.000383,0.025447
2025-01-17,,0.004158,-0.005412
2025-01-21,,-0.006258,0.014023
2025-01-22,,9.9e-05,0.007329
2025-01-23,,-0.004845,-0.003768
2025-01-24,,0.005099,0.006043
2025-01-27,,0.002162,-0.006093
2025-01-28,,-0.002007,0.005696
2025-01-29,,0.001519,0.00121
2025-01-30,,0.004859,-0.00285
2025-01-31,,-0.00018,0.009786
2025-02-03,,-0.005592,-0.004417
2025-02-04,,-0.013578,-0.013223
2025-02-05,,-0.00533,0.011785
2025-02-06,,0.00347,-0.011346
2025-02-07,,-0.005853,0.003971
2025-02-10,,-0.00224,-0.019558
2025-02-12,,-0.010169,0.003413
2025-02-13,,0.015771,-0.000179
2025-02-14,,0.002007,0.015017
2025-02-18,,0.003255,-0.00044
2025-02-19,,-0.003316,-0.002775
2025-02-20,,0.000587,-0.000574
2025-02-21,,0.006286,-0.008619
2025-02-25,,0.014097,-0.026305
2025-02-26,,0.003597,-0.00524
2025-02-27,,0.003909,-0.004112
2025-02-28,,-0.003651,-0.014429
2025-03-03,,-0.002784,0.016617
2025-03-04,,-0.002702,-0.018429
2025-03-05,,0.008082,-0.017643
2025-03-06,,0.012779,0.015223
2025-03-07,,-0.007789,-0.025354
2025-03-10,,-0.003619,-0.001844
2025-03-11,,0.002957,-0.035688
2025-03-12,,0.018497,-0.009782
2025-03-13,,-2.4e-05,0.005805
2025-03-14,,0.001757,-0.024958
2025-03-17,,0.003744,0.021287
2025-03-18,,0.004801,0.001576
2025-03-19,,0.005335,-0.017816
2025-03-21,,0.013157,0.019173
2025-03-24,,-0.002112,0.003609
2025-03-25,,-0.001544,0.037489
2025-03-26,,-0.005954,0.007979
2025-03-27,,0.002444,-0.013063
2025-03-28,,0.000613,0.00064
2025-03-31,,-0.009383,-0.031078
2025-04-01,,-0.000164,0.002132
2025-04-02,,-0.013888,0.010433
2025-04-03,,-0.00968,0.018996
2025-04-04,,0.016817,-0.0604
2025-04-07,,0.010096,-0.043135
2025-04-08,,0.003339,-0.011817
2025-04-09,,-0.013535,-0.02375
2025-04-10,,-0.03313,0.108881
2025-04-11,,0.002478,-0.039071
2025-04-14,,-0.004509,0.009686
2025-04-15,,-0.006814,0.002899
2025-04-16,,-0.019004,-0.0072
2025-04-17,,0.023581,-0.024669
2025-04-21,,-0.014111,0.006296
2025-04-22,,0.011883,-0.026699
2025-04-23,,0.001826,0.031643
2025-04-24,,-0.017129,0.022346
2025-04-25,,-0.001876,0.019914
2025-04-28,,-0.004529,0.01798
2025-04-30,,0.000578,0.000354
2025-05-01,,0.001902,-0.009092
2025-05-02,,-0.010759,0.005526
2025-05-07,,0.013403,0.015528
2025-05-08,,-0.010895,0.007796
2025-05-09,,0.011102,0.011804
2025-05-12,,-0.005305,0.004815
2025-05-13,,-0.010348,0.049701
2025-05-14,,-0.003821,0.013225
2025-05-15,,-0.006449,0.003855
2025-05-16,,0.001644,-0.002221
2025-05-19,,0.013704,0.009461
2025-05-20,,-0.018854,-0.002343
2025-05-21,,-0.00088,-0.005204
2025-05-22,,-0.003659,-0.020275
2025-05-23,,0.00282,0.0043
2025-05-27,,0.001299,-0.008986
2025-05-28,,-0.005113,0.029528
2025-05-29,,0.009001,-0.009176
2025-05-30,,0.00621,0.000419
2025-06-02,,0.000981,-0.005443
2025-06-03,,0.000787,0.002339
2025-06-04,,0.002721,0.00532
2025-06-05,,-0.005131,-0.002646
2025-06-06,,-0.000409,-0.025225
2025-06-09,,-0.002501,0.012986
2025-06-10,,-0.006312,0.008012
2025-06-11,,0.001179,0.01197
2025-06-12,,-0.001584,-0.007901
2025-06-13,,-0.001262,-0.004704
2025-06-16,,-0.007994,-0.009218
2025-06-17,,0.004806,0.010768
2025-06-18,,0.013727,-0.017241
2025-06-20,,-0.005347,0.000475
2025-06-23,,-0.001262,0.001188
2025-06-24,,-0.005408,0.019821
2025-06-25,,-0.008075,0.00555
2025-06-26,,0.003379,-0.011782
2025-06-27,,0.006161,0.0092
2025-06-30,,0.005032,0.01665
2025-07-01,,0.003041,-0.005764
2025-07-02,,0.005882,0.004279
2025-07-03,,0.003143,0.008018
2025-07-07,,-0.002874,0.005454
2025-07-08,,-0.004775,-0.012703
2025-07-09,,0.001885,-0.003388
2025-07-10,,-0.009701,0.005927
2025-07-11,,-0.006962,0.011053
2025-07-14,,0.000146,0.000271
2025-07-15,,-0.004788,0.003703
2025-07-16,,0.002018,-0.014308
2025-07-17,,0.001961,0.001826
2025-07-18,,-0.007368,0.003417
2025-07-22,,-0.005358,0.008855
2025-07-23,,0.021288,0.010125
2025-07-24,,0.008341,0.004745
2025-07-25,,-0.001137,-0.016553
2025-07-28,,-0.011223,0.009291
2025-07-29,,-0.00281,0.005826
2025-07-30,,0.00685,-0.006897
2025-07-31,,0.001099,-0.006322
2025-08-01,,0.010018,-0.00793
2025-08-04,,0.00569,-0.024116
2025-08-05,,0.00469,0.011754
2025-08-06,,0.011346,0.001281
2025-08-07,,0.003693,0.020785
2025-08-08,,0.002697,-0.000313
2025-08-12,,0.01209,0.001746
2025-08-13,,-8.3e-05,0.010608
2025-08-14,,-0.008192,0.013716
2025-08-15,,0.021683,-0.001131
2025-08-18,,-0.002106,-0.002396
2025-08-19,,0.002049,0.004017
2025-08-20,,-0.000115,-0.000478
2025-08-21,,-0.001897,-0.009876
2025-08-22,,0.006796,-0.005932
2025-08-25,,-0.004741,0.030367
2025-08-26,,-0.008892,-0.002016
2025-08-27,,-0.002559,0.0046
2025-08-28,,0.011058,0.000214
2025-08-29,,-0.005404,0.001711
2025-09-02,,0.009132,-0.010293
2025-09-03,,-0.00308,-0.007465
2025-09-04,,0.007443,0.004043
2025-09-05,,0.000721,0.018273
2025-09-08,,-0.000173,-0.000213
2025-09-09,,-0.01098,0.003871
2025-09-10,,-0.003178,-0.001398
2025-09-11,,-0.001643,-0.011965
2025-09-12,,-0.002914,0.019453
2025-09-16,,-0.002192,0.005181
2025-09-17,,-0.001252,0.006149
2025-09-18,,0.008365,-0.002519
2025-09-19,,-0.009126,-0.004512
2025-09-22,,-0.005901,0.003784
2025-09-24,,0.002419,-0.003258
2025-09-25,,-0.002497,0.007061
2025-09-26,,0.003332,-0.014107
2025-09-29,,-0.019311,0.014774
2025-09-30,,-0.001263,0.00438
2025-10-01,,-0.007422,-0.004652
2025-10-02,,-0.017232,0.006259
2025-10-03,,0.003829,-0.007216
2025-10-06,,0.003995,-0.006433
2025-10-07,,-0.000417,0.008576
2025-10-08,,-0.005295,-0.017507
2025-10-09,,0.001198,0.00297
2025-10-10,,-0.005472,-0.004992
2025-10-14,,0.005628,-0.027506
2025-10-15,,0.014483,0.002095
2025-10-16,,0.003216,0.001451
2025-10-17,,-0.001916,-0.009672
2025-10-20,,0.016501,0.008605
2025-10-21,,-0.003396,0.007934
2025-10-22,,-0.000595,0.012231
2025-10-23,,0.004426,-0.007819
2025-10-27,,0.008684,0.004509
2025-10-28,,-0.007537,0.01439
2025-10-29,,-0.003775,0.000249
2025-10-30,,0.00216,-0.008252
2025-10-31,,-0.002629,-0.02258
2025-11-04,,0.005253,0.026438
2025-11-05,,0.002693,-0.016599
2025-11-06,,0.012522,0.012177
2025-11-07,,-0.00202,-0.023106
2025-11-10,,0.000533,0.001571
2025-11-11,,-0.011804,0.013143
2025-11-12,,0.002371,0.002469
2025-11-13,,0.001248,-0.006721
2025-11-14,,0.01025,-0.024964
2025-11-17,,-0.004799,-0.004784
2025-11-18,,-0.005255,-0.009398
2025-11-19,,0.004561,-0.018451
2025-11-20,,-0.009837,4.5e-05
2025-11-21,,0.013486,-0.014921
2025-11-25,,-0.007733,0.019624
2025-11-26,,0.016162,0.021399
2025-11-28,,0.001437,0.006855
2025-12-01,,-0.008854,0.006213
2025-12-02,,-0.007137,0.000592
2025-12-03,,-0.008759,-0.000676
2025-12-04,,0.01779,0.010785
2025-12-05,,-0.005316,-0.003557
2025-12-08,,0.001933,0.005543
2025-12-09,,-0.000628,-0.014533
2025-12-10,,-0.003724,-8.5e-05
2025-12-11,,-0.009318,0.014663
2025-12-12,,0.008251,0.003926
2025-12-15,,0.008756,0.004327
2025-12-16,,-0.013654,0.008534
2025-12-17,,-0.007483,0.001643
2025-12-18,,-0.00072,-0.011564
2025-12-19,,0.006066,0.015101
2025-12-22,,0.000637,-0.004005
2025-12-23,,-0.003014,0.006011
2025-12-24,,-0.005592,-0.00139
2025-12-26,,-0.003174,0.003438
2025-12-29,,0.003203,-0.004405
2025-12-30,,-0.00072,-0.009832
2026-01-05,,0.002926,-0.004055
2026-01-06,,0.015629,0.016477
2026-01-07,,-0.00976,0.006401
2026-01-08,,0.007602,-0.001404
2026-01-09,,0.005057,0.016708
2026-01-13,,-0.003731,0.012122
2026-01-14,,-0.004798,-0.00249
2026-01-15,,0.008119,-0.01578
2026-01-16,,-0.006634,0.003681
2026-01-20,,-0.008723,-0.00326
2026-01-21,,-0.006154,-0.026002
2026-01-22,,-0.000749,0.01914
2026-01-23,,0.001354,0.010049
2026-01-26,,-0.001587,0.004159
2026-01-27,,-0.00536,-0.006578
2026-01-28,,-0.013889,0.003025
2026-01-29,,0.000787,-0.007499
2026-01-30,,0.001329,-0.004763
2026-02-02,,-0.003805,-0.000165
2026-02-03,,0.004419,0.006602
2026-02-04,,0.00616,-0.008035
2026-02-05,,-0.012392,-0.007356
2026-02-06,,0.005068,-0.021565
2026-02-09,,-0.018681,0.004085
2026-02-10,,0.011291,-0.003729
2026-02-12,,0.007959,0.006635
2026-02-13,,0.011776,-0.013842
2026-02-17,,0.000818,0.000431
2026-02-18,,0.005359,-0.001205
2026-02-19,,0.003339,0.008445
2026-02-20,,-0.005107,-0.006666
2026-02-24,,-0.005472,0.010409
2026-02-25,,0.004352,0.015219
2026-02-26,,-0.004962,0.002998
2026-02-27,,0.011821,-0.000342
2026-03-02,,-0.011712,-0.001623
2026-03-03,,-0.031102,-0.012322
2026-03-04,,-0.014488,-0.009184
2026-03-05,,-0.019262,0.017751
2026-03-06,,0.002516,0.001375
2026-03-09,,0.030478,-0.018104
2026-03-10,,-0.010294,0.001311
2026-03-11,,-0.000778,-0.001309
2026-03-12,,-0.006313,-0.002621
2026-03-13,,0.012338,-0.022954
2026-03-16,,0.002175,-0.005918
2026-03-17,,0.00241,0.012087
2026-03-18,,0.016502,0.008734
2026-03-19,,-0.006714,-0.023061
