,PCA_PLAIN
2018-07-06,-0.004055841516387394
2018-07-09,-0.0038220111406509156
2018-07-10,-0.00702767701520908
2018-07-11,-0.005611720541073541
2018-07-12,0.0015555230068587803
2018-07-13,-0.0028414913164019995
2018-07-16,2.5069977124919872e-17
2018-07-17,-0.004325881482004225
2018-07-18,-6.853861457827503e-05
2018-07-19,-0.002193679419074025
2018-07-20,0.000854305360691165
2018-07-23,-0.0036491301478800997
2018-07-24,-0.004827897149036045
2018-07-25,-0.0033583960742061755
2018-07-26,-0.00026669188575749496
2018-07-27,-0.0005225831391404148
2018-07-30,0.0020488381513063397
2018-07-31,0.0005953419232872002
2018-08-01,0.0008373907218842203
2018-08-02,0.002627183431201421
2018-08-03,-0.00370220105965068
2018-08-06,-0.00125614531796654
2018-08-07,-0.0036105851043188794
2018-08-08,0.0036791241099358605
2018-08-09,-0.0005980861244019201
2018-08-10,0.00235701916715428
2018-08-13,-0.01097774781470872
2018-08-14,-0.002704260989978614
2018-08-15,0.0007966848586882808
2018-08-16,-0.00514053643634208
2018-08-17,-0.004820447154064301
2018-08-20,0.007232237673017601
2018-08-21,0.00026090907561046004
2018-08-22,0.0010120856824915399
2018-08-23,0.0
2018-08-24,0.00266597083596804
2018-08-27,0.0009555852334274004
2018-08-28,-0.00208135865597946
2018-08-29,-0.0017287177022046601
2018-08-30,-0.00229238496045538
2018-08-31,-0.0034409691328197004
2018-09-04,0.001624995482350679
2018-09-05,0.00318960541808652
2018-09-06,0.0008863203323479802
2018-09-07,-0.0037655715414647603
2018-09-10,0.00359441376071356
2018-09-11,-0.0043374030078735405
2018-09-12,-0.0017740177358917199
2018-09-13,-0.00409498792117274
2018-09-14,-0.0010098353092803801
2018-09-17,0.0
2018-09-18,-0.014332885916756398
2018-09-19,-0.0028964127409686
2018-09-20,0.007351256890050039
2018-09-21,-0.0008197220530793596
2018-09-24,-2.350828549456766e-17
2018-09-25,0.002995070640017963
2018-09-26,0.004110741320626662
2018-09-27,0.004281222520559524
2018-09-28,0.009363218562513261
2018-10-01,0.00446529409623702
2018-10-02,-0.00417302756033258
2018-10-03,-0.0013940673815520605
2018-10-04,-0.00399463728586422
2018-10-05,-0.00027176818439896
2018-10-08,-2.3242571447942496e-17
2018-10-09,-0.00317844310680346
2018-10-10,-0.0016624311482296796
2018-10-11,0.005660971875076139
2018-10-12,0.0024282777087486
2018-10-15,0.004477611940298495
2018-10-16,0.0015506333559098802
2018-10-17,-0.00058645652103424
2018-10-18,0.01224389836018656
2018-10-19,0.005689611819513236
2018-10-22,0.0028245772729763004
2018-10-23,-0.000248232133130322
2018-10-24,0.00030717455003112016
2018-10-25,0.0028937704589576795
2018-10-26,-0.0034108236853422225
2018-10-29,0.004907617275243499
2018-10-30,0.0108273506836059
2018-10-31,0.0031522638217198603
2018-11-01,0.0077047078564152
2018-11-02,0.00785973722842238
2018-11-05,0.00176991150442474
2018-11-06,-0.0019966637563060196
2018-11-07,-0.00309152233325512
2018-11-08,0.00029848733483222017
2018-11-09,0.006892386776725819
2018-11-12,-0.00100721869246396
2018-11-13,-0.001204076249380595
2018-11-14,0.0027012973842702
2018-11-15,0.0006044978049903
2018-11-16,0.00146341463414632
2018-11-19,-0.00428847717334514
2018-11-20,0.0008396424556661402
2018-11-21,-0.00060062040438838
2018-11-23,0.0
2018-11-26,-0.00010245471330455993
2018-11-27,0.0019299697735556001
2018-11-28,-0.0033886146930116197
2018-11-29,0.00116904106593724
2018-11-30,0.004548806628065399
2018-12-03,0.00131221910135512
2018-12-04,-0.0084721301425706
2018-12-06,0.00864861484350528
2018-12-07,9.35453695042e-05
2018-12-10,0.0035042971144631204
2018-12-11,0.004093381625639402
2018-12-12,0.0008529562163692805
2018-12-13,-0.005567850582979097
2018-12-14,0.0026617462506678376
2018-12-17,0.006245054823365521
2018-12-18,-0.005726519819844561
2018-12-19,-0.00784617306603204
2018-12-20,0.004336927463736781
2018-12-21,-0.004477124646908217
2018-12-24,0.0
2018-12-26,-0.0168486858511786
2018-12-27,-0.01158074875532388
2018-12-28,0.00508308016271632
2018-12-31,0.0
2019-01-04,-0.0007418214755273003
2019-01-07,0.0025632043514346404
2019-01-08,-0.010763507354541202
2019-01-09,-0.0023485011059812
2019-01-10,0.0007233701775639597
2019-01-11,0.00338832127673516
2019-01-15,-0.0025649941501359004
2019-01-16,-0.0019017435483364002
2019-01-17,0.00156354799773598
2019-01-18,0.0017244186815988753
2019-01-22,-0.0031984641116329046
2019-01-23,-0.00023869156762451528
2019-01-24,0.0041469856537494805
2019-01-25,0.0
2019-01-28,0.0
2019-01-29,-0.0034838641492730004
2019-01-30,0.00051291472435422
2019-01-31,-0.0037739750041472205
2019-02-01,-0.00378497282501958
2019-02-04,0.0021155273184784006
2019-02-05,0.0012857069929917
2019-02-06,0.0005284976744889202
2019-02-07,0.00870264363030806
2019-02-08,-0.00266048156202578
2019-02-12,-0.00606586778594806
2019-02-13,0.0023420087612816354
2019-02-14,0.00180794384376834
2019-02-15,-0.00034013605442178
2019-02-19,-0.00227298643480596
2019-02-20,-0.0015981299391889764
2019-02-21,0.0007608464876384597
2019-02-22,0.002398081534772156
2019-02-25,-0.0012465046914807761
2019-02-26,0.001301406845715616
2019-02-27,-2.3999757112148496e-17
2019-02-28,0.003317641178347676
2019-03-01,0.00055376864652084
2019-03-04,-0.0032394391272522398
2019-03-05,-0.00018635644906254013
2019-03-06,-0.0006060606060606
2019-03-07,0.008258800874097421
2019-03-08,0.0016739586014191798
2019-03-11,0.0008221270134906805
2019-03-12,0.00540713999197748
2019-03-13,-0.00149706880619904
2019-03-14,0.00149916498832594
2019-03-15,0.0004157627837384799
2019-03-18,-0.00107394804158312
2019-03-19,9.144573380668003e-05
2019-03-20,-0.0008358049861188001
2019-03-22,-0.00251132557841958
2019-03-25,0.011545459499953559
2019-03-26,-0.0011739419069074206
2019-03-27,-0.00318810579206152
2019-03-28,0.0009385154192530401
2019-03-29,-0.00113873719224178
2019-04-01,-0.00316698227968524
2019-04-02,0.001590544607337179
2019-04-03,0.0025430290527749806
2019-04-04,-0.0050547063109069
2019-04-05,-0.00446030414344408
2019-04-08,-0.00245511013596002
2019-04-09,0.0014304604896826405
2019-04-10,0.0011783202944825799
2019-04-11,-0.00335620406280754
2019-04-12,0.00044367372146458003
2019-04-15,-0.00477737863949606
2019-04-16,-0.00349984162418338
2019-04-17,-0.00705484343247332
2019-04-18,0.0014694208110508002
2019-04-22,0.0020535803337720397
2019-04-23,-0.0027401405586768793
2019-04-24,0.00405769499929698
2019-04-25,0.00343437517902498
2019-04-26,-0.0009202818384394001
2019-05-07,-0.011935495794078418
2019-05-08,0.009736458621572582
2019-05-09,0.00515341197243966
2019-05-10,-0.00281711851429556
2019-05-13,0.00062009233185094
2019-05-14,-0.0129260347720151
2019-05-15,-0.00627125862692424
2019-05-16,-0.0031230679110918406
2019-05-17,0.0017321770183926196
2019-05-20,-0.0026787761601640594
2019-05-21,0.0006581613475501399
2019-05-22,-0.0006924689977359001
2019-05-23,-0.00829207583333526
2019-05-24,-0.00701975673092412
2019-05-28,0.0004143513805286599
2019-05-29,-0.0015238515946927604
2019-05-30,-0.008675604263263203
2019-05-31,0.005466309384577461
2019-06-03,0.0027625011136819594
2019-06-04,-0.006545629355631535
2019-06-05,0.007800542589488578
2019-06-06,0.00462083238835476
2019-06-07,-0.0014487829767414798
2019-06-10,0.0036668898840453595
2019-06-11,0.0011820252516879797
2019-06-12,0.00416953976799194
2019-06-13,-2.3644708649160802e-05
2019-06-14,0.0
2019-06-17,-0.0036340461392443202
2019-06-18,0.011566364507045079
2019-06-19,0.0022348503956838217
2019-06-20,0.00039853970414934
2019-06-21,-0.007453834224983559
2019-06-24,-0.0015783917743962999
2019-06-25,0.00612920885509754
2019-06-26,0.0006916289033527853
2019-06-27,0.006385018578158125
2019-06-28,0.0036324043781763545
2019-07-01,0.0119551658267868
2019-07-02,0.00012454205501177948
2019-07-03,0.005810042514738439
2019-07-05,-0.0034550876909650247
2019-07-08,0.0004220399674947188
2019-07-09,-0.00404499746143818
2019-07-10,-0.0042743382377479
2019-07-11,0.0031113092412184797
2019-07-12,-0.0027048360895422403
2019-07-16,-0.0035468988353072996
2019-07-17,-0.00231853785540754
2019-07-18,0.013152954859153784
2019-07-19,-0.0005752434936707393
2019-07-22,0.0006634413797579801
2019-07-23,0.0035069628685543397
2019-07-24,-0.0021762971124099396
2019-07-25,-0.00418406511358048
2019-07-26,-0.000379958886603058
2019-07-29,0.00422025161423646
2019-07-30,0.00521712527920698
2019-07-31,-0.00200569009844014
2019-08-01,0.00726431503494852
2019-08-02,0.005821885941128622
2019-08-05,-0.0010801485363219204
2019-08-06,-0.01008040582067894
2019-08-07,0.0007932508778840001
2019-08-08,0.0059544161817978395
2019-08-09,0.00322142573405626
2019-08-13,-0.0014263196937281007
2019-08-14,-0.00031307271677830583
2019-08-15,-0.00690368994747576
2019-08-16,-0.0002219376093099603
2019-08-19,-0.005353225266550261
2019-08-20,0.0020652447027886805
2019-08-21,-0.0028187402967147397
2019-08-22,0.00359386624703468
2019-08-23,0.0006758149842359998
2019-08-26,-0.00786969528765058
2019-08-27,0.004469546434653859
2019-08-28,-0.0017431068220141199
2019-08-29,-0.0018601392869687602
2019-08-30,-0.0051515466021523
2019-09-03,0.00023203985433056015
2019-09-04,0.00148628551207052
2019-09-05,-0.011689729160113424
2019-09-06,0.00302758714050378
2019-09-09,0.00195465016475094
2019-09-10,0.01037946663330902
2019-09-11,-0.00139218496033852
2019-09-12,0.002672534433562501
2019-09-13,0.0012793627281913241
2019-09-17,-0.0012086040658095157
2019-09-18,0.007902202532144336
2019-09-19,0.0017685836011679798
2019-09-20,-0.00357694174031244
2019-09-24,0.0012354543315350004
2019-09-25,0.0014163643709375002
2019-09-26,-0.0003815419314668801
2019-09-27,-0.0062332717596482595
2019-09-30,-0.00621954212743014
2019-10-01,-0.0022339634141809407
2019-10-02,0.0033310277477224797
2019-10-03,-0.00509128975196196
2019-10-04,0.00200014467592594
2019-10-07,-0.0006902570097576002
2019-10-08,0.00239356407307978
2019-10-09,0.0028450073675519794
2019-10-10,-0.0008456401846854557
2019-10-11,0.0006311166455517003
2019-10-15,0.00024093489817303936
2019-10-16,-0.0019314243692433392
2019-10-17,-0.00414850536501312
2019-10-18,0.00016099706038669994
2019-10-21,0.0019440210503379998
2019-10-23,-0.007470586035089341
2019-10-24,0.0012052944278760202
2019-10-25,-0.00015192381568866005
2019-10-28,-0.00262562471091252
2019-10-29,-0.00016702766453411972
2019-10-30,0.0028893512144605206
2019-10-31,4.0000188764460114e-05
2019-11-01,-3.690058592006033e-05
2019-11-05,-0.00276159165019754
2019-11-06,0.0046794410062859
2019-11-07,0.0009324726248564799
2019-11-08,0.016405498280182843
2019-11-11,-0.00117855946310222
2019-11-12,0.00061310840876
2019-11-13,-0.0011316220867666601
2019-11-14,-7.832945142660034e-06
2019-11-15,-0.00217856076315306
2019-11-18,-0.003350744365057641
2019-11-19,0.00218597236609318
2019-11-20,0.0030327569261106597
2019-11-21,0.00034374127641187977
2019-11-22,0.00293910045743314
2019-11-25,0.004378952868610061
2019-11-26,-0.00339544643993542
2019-11-27,0.0029447382426058765
2019-11-29,0.0008092123326997607
2019-12-02,0.0033405960248696596
2019-12-03,-0.00176702599563828
2019-12-04,-0.00055663812189078
2019-12-05,-0.0034070603387668
2019-12-06,-0.00173678291523964
2019-12-09,0.00140157102019304
2019-12-10,0.00129579277419936
2019-12-11,0.0013920082802094402
2019-12-12,0.0019442137519825198
2019-12-13,0.018279546702457895
2019-12-16,-0.0037486800948207197
2019-12-17,-0.00440688847168604
2019-12-18,-0.004084055782593384
2019-12-19,0.00033078704939605986
2019-12-20,0.00077844521465242
2019-12-23,0.0002214533242865203
2019-12-24,0.00376645898554368
2019-12-26,-0.0002427909807182399
2019-12-27,0.0008358746363301802
2019-12-30,-0.0027147047509498198
2020-01-06,0.0015013536187883198
2020-01-07,0.007355404407922844
2020-01-08,0.008183729987040336
2020-01-09,-0.000287696649910219
2020-01-10,-0.003660819690566675
2020-01-14,-0.0005980846101096807
2020-01-15,-0.00187671087994118
2020-01-16,-0.00360253176915774
2020-01-17,-0.006328833211155879
2020-01-21,-0.0038727622689613598
2020-01-22,0.003576022538760185
2020-01-23,0.0014566846587570352
2020-01-24,-3.9402566066924413e-05
2020-01-27,-0.0020309153045423413
2020-01-28,-0.0010391964745706402
2020-01-29,-0.0023069199132314424
2020-01-30,-0.002574770485447715
2020-01-31,0.0015441404015635802
2020-02-03,-0.00998107583077188
2020-02-04,-0.00630358114949242
2020-02-05,0.006120682766962381
2020-02-06,-0.0018130386096858807
2020-02-07,-0.0006077658921061398
2020-02-10,-0.00396313364055298
2020-02-12,0.00247979261212438
2020-02-13,0.0029343127565169404
2020-02-14,-0.00546101288444464
2020-02-18,0.0025310570893382796
2020-02-19,-0.00359150130430408
2020-02-20,-0.0012036679169803396
2020-02-21,-0.0046318891637203595
2020-02-25,-0.0048834792260581605
2020-02-26,-0.00229780199606896
2020-02-27,0.0029245944984590405
2020-02-28,0.0005002083038309797
2020-03-02,-0.0011055478000136162
2020-03-03,0.0026841020211735775
2020-03-04,-0.0038741742120730603
2020-03-05,-0.00363975047020982
2020-03-06,6.16594480606393e-05
2020-03-09,0.01937272302562822
2020-03-10,-0.01475457293138328
2020-03-11,0.002411799098926219
2020-03-12,-0.0005030673664242792
2020-03-13,-0.026507851363285838
2020-03-16,-0.0177236102953546
2020-03-17,0.004573834674964562
2020-03-18,-0.02254901068594278
2020-03-19,0.0093891090495267
2020-03-23,-0.0004198990091957809
2020-03-24,-0.01087741071569364
2020-03-25,0.03368606811173592
2020-03-26,-0.003755374369400399
2020-03-27,-0.01329305966365202
2020-03-30,0.014932118503989115
2020-03-31,0.006343954108500897
2020-04-01,0.02722608019187356
2020-04-02,0.0015652610529808203
2020-04-03,-0.02814996276806942
2020-04-06,-0.013356450540605781
2020-04-07,-0.011753117500273181
2020-04-08,-0.00636707163366358
2020-04-09,-0.0005145524601252605
2020-04-13,-0.00456995162943076
2020-04-14,-0.0159665989092105
2020-04-15,-0.004176533484553979
2020-04-16,-0.0042889377513924
2020-04-17,-0.00327880659839582
2020-04-20,-0.00192139961367344
2020-04-21,0.01227368541777588
2020-04-22,0.010503634916275281
2020-04-23,0.018335136695165743
2020-04-24,0.0008308387743387194
2020-04-27,0.00690276061531484
2020-04-28,0.0038766859664547204
2020-04-30,0.02888601665451334
2020-05-01,0.016627281865189417
2020-05-07,-0.002775294803251239
2020-05-08,0.01396802074508536
2020-05-11,-0.0038006584256001603
2020-05-12,-0.0009498566113687399
2020-05-13,-0.00526047773441514
2020-05-14,0.004122420530426221
2020-05-15,0.0036356296113054408
2020-05-18,-0.00289714722776024
2020-05-19,0.018250760800839302
2020-05-20,0.00229145771490316
2020-05-21,9.768465188739976e-05
2020-05-22,0.01171386534251682
2020-05-26,-0.0041614400844689385
2020-05-27,0.028327799176105478
2020-05-28,0.00623892371073004
2020-05-29,0.01591111563791282
2020-06-01,0.0033654579136747
2020-06-02,0.001255200618338061
2020-06-03,0.00405839260428164
2020-06-04,-0.006658862616570962
2020-06-05,-0.00475300991544432
2020-06-08,-0.006277421341113578
2020-06-09,-0.00325529989386968
2020-06-10,-0.00390417375925698
2020-06-11,0.0184539974877706
2020-06-12,-0.002703044049417719
2020-06-15,-0.008098065659378382
2020-06-16,0.01225786146642088
2020-06-17,-0.0012382411074647005
2020-06-18,0.00409645724070718
2020-06-19,-0.00540663283042482
2020-06-22,0.00035421603743202067
2020-06-23,0.0061652496123024
2020-06-24,-0.0012441592427656994
2020-06-25,0.00202735966737826
2020-06-26,0.01155470252630018
2020-06-29,-0.0022318461532671004
2020-06-30,-0.0102845298400859
2020-07-01,-0.0084706796785377
2020-07-02,0.0013626717171387995
2020-07-06,0.004158763709278758
2020-07-07,-0.009843416046174041
2020-07-08,-0.00013997406940493965
2020-07-09,0.01141699571100406
2020-07-10,0.004494632647461978
2020-07-13,0.01382900251369126
2020-07-14,-0.00418805940587936
2020-07-15,0.0031480557393557596
2020-07-16,0.007891712648212961
2020-07-17,0.0072035045086042805
2020-07-20,-0.0019011173714356
2020-07-21,0.00587244151735938
2020-07-22,0.003787575374095921
2020-07-27,0.0007004589608056401
2020-07-28,-0.006805625825219059
2020-07-29,0.0006580452673477406
2020-07-30,0.006873770139367621
2020-07-31,-0.0015705791664901575
2020-08-03,0.00024709565333326
2020-08-04,0.009353928567409658
2020-08-05,0.015363762467805181
2020-08-06,-0.005098374363844161
2020-08-07,0.00082296880424512
2020-08-11,-0.00031867395715020133
2020-08-12,-0.011636093012167439
2020-08-13,0.0025743963130453002
2020-08-14,0.0027348058279914
2020-08-17,-0.00287509704178528
2020-08-18,-0.0017749391925338202
2020-08-19,-0.0029405889438435797
2020-08-20,-0.004237798678824579
2020-08-21,-0.00447997043358404
2020-08-24,-0.000817750702161139
2020-08-25,0.00281767100655934
2020-08-26,-0.0009309307006052198
2020-08-27,0.0025049370759663596
2020-08-28,0.0046219919177529194
2020-08-31,0.012074261022956799
2020-09-01,0.00275798256443966
2020-09-02,0.00563958099843164
2020-09-03,-0.0013135578463841406
2020-09-04,-0.00106538668987128
2020-09-08,0.0005293500804114598
2020-09-09,0.0008014757727384601
2020-09-10,-0.00022043986238365993
2020-09-11,-0.00232084744384524
2020-09-14,0.007100854027926499
2020-09-15,0.00139347518647222
2020-09-16,0.0037905281714582196
2020-09-17,0.0023978718293926407
2020-09-18,-0.00355037623898548
2020-09-23,0.00234832656098608
2020-09-24,0.0011997941067233002
2020-09-25,-0.0037836378177256
2020-09-28,-0.005220296962941958
2020-09-29,-0.00890087710895206
2020-09-30,0.00696190220049862
2020-10-02,-0.00412161914019224
2020-10-05,0.0025563208314837004
2020-10-06,0.0034190831711486
2020-10-07,-0.004631637923266121
2020-10-08,-0.00586748453804538
2020-10-09,-0.0019903252571014203
2020-10-12,-0.0011362023742102802
2020-10-13,-0.00198408129112242
2020-10-14,0.00168713319858832
2020-10-15,0.002260617505351
2020-10-16,-1.754758289240028e-05
2020-10-19,-0.00724354105437998
2020-10-20,-0.0011446290918866201
2020-10-21,0.00965780905434534
2020-10-22,-0.00432347485302544
2020-10-23,0.0023027709189760394
2020-10-26,-0.00362184326450106
2020-10-27,0.00364442007436854
2020-10-28,0.00616949924888092
2020-10-29,0.003484376342368419
2020-10-30,0.005231502368497081
2020-11-02,0.010503049805291001
2020-11-04,-0.00577131072848818
2020-11-05,0.0003964811890473395
2020-11-06,0.006118389929693719
2020-11-09,0.01165666825942744
2020-11-10,0.03291897885098252
2020-11-11,-0.00151852712319158
2020-11-12,0.0070461083890047405
2020-11-13,-0.0028483612620221394
2020-11-16,-0.0036486133301910405
2020-11-17,0.006306258658716219
2020-11-18,0.010530188779245999
2020-11-19,0.005818693319187441
2020-11-20,-0.0048998951554469605
2020-11-24,0.0011336518469399798
2020-11-25,-0.006501533165446801
2020-11-27,0.0070913287816102
2020-11-30,0.007337968875062759
2020-12-01,-0.006703414027114
2020-12-02,-0.006237312920877961
2020-12-03,-0.00940257924880736
2020-12-04,0.00563416009819566
2020-12-07,-0.003357716491137138
2020-12-08,0.0023169639531150804
2020-12-09,0.004111015603230079
2020-12-10,-0.00534833307282774
2020-12-11,-0.00762539067308272
2020-12-14,-0.003993283036863601
2020-12-15,-0.00023893589851155944
2020-12-16,0.004743934629705
2020-12-17,0.00831722683583964
2020-12-18,0.00271306240493782
2020-12-21,-0.0032844568231396405
2020-12-22,-0.00093481440224032
2020-12-23,0.01081646497605998
2020-12-24,-0.00137468347206066
2020-12-28,-0.00520992647530118
2020-12-29,-0.00014432537142709985
2020-12-30,-0.00443225561691972
2021-01-04,-0.0100009262190107
2021-01-05,0.01121866469454286
2021-01-06,0.00404547716526132
2021-01-07,-0.0024299248969793397
2021-01-08,0.0011719935759552198
2021-01-12,-0.00916167073999004
2021-01-13,-0.004685039159439021
2021-01-14,0.00015046327859176162
2021-01-15,0.00047077057576100194
2021-01-19,-0.00612598100766688
2021-01-20,-0.0008658423069742207
2021-01-21,0.0034039180122873406
2021-01-22,0.0018251978585964398
2021-01-25,-0.0024155837663740205
2021-01-26,0.0031614909428804797
2021-01-27,0.00227034936284172
2021-01-28,0.004642353105277138
2021-01-29,-0.0022006710395113815
2021-02-01,-0.001234009981749661
2021-02-02,-0.00847502316652016
2021-02-03,-0.01668047883956636
2021-02-04,0.0013466636173465397
2021-02-05,-0.00893956974795722
2021-02-08,-0.0001543276019649615
2021-02-09,-0.004331423074322681
2021-02-10,-0.00809425782818706
2021-02-12,0.007816047193958679
2021-02-16,0.00835542848546636
2021-02-17,0.0032294384486156996
2021-02-18,-0.012801998180196464
2021-02-19,0.0029982165306609598
2021-02-22,0.009436003849483999
2021-02-24,0.014554300688761899
2021-02-25,-0.00529965900573392
2021-02-26,-0.00782886099461712
2021-03-01,-0.009124356069240358
2021-03-02,-0.0031883418289834
2021-03-03,0.0024699918498233
2021-03-04,0.0023595598309272396
2021-03-05,0.0019597301091303816
2021-03-08,0.0045007207421819
2021-03-09,0.00938932836010984
2021-03-10,-0.00260730830905508
2021-03-11,-0.0021909226538714384
2021-03-12,0.006983716621821042
2021-03-15,0.005989228862870401
2021-03-16,0.0005245259113852005
2021-03-17,-0.0036365831650409007
2021-03-18,0.0040302408829147995
2021-03-19,-0.0005245440903369585
2021-03-22,0.003752599534992681
2021-03-23,0.010345685403123398
2021-03-24,-0.0022481316260557233
2021-03-25,-0.0015756001648011622
2021-03-26,-0.0015626739860857995
2021-03-29,-0.005751900985129899
2021-03-30,-0.012325832021130162
2021-03-31,0.00494735911758822
2021-04-01,0.006638244574084241
2021-04-05,0.00798846877021404
2021-04-06,-0.008536467112954537
2021-04-07,0.0018959492088365002
2021-04-08,0.007416579216025041
2021-04-09,-0.00157832810276676
2021-04-12,0.0045628339156918015
2021-04-13,0.00416431946549282
2021-04-14,0.0008739478366439199
2021-04-15,0.00086788412700246
2021-04-16,-0.0005567791149075603
2021-04-19,0.0033348792235606403
2021-04-20,-0.0035646948035822183
2021-04-21,0.001959212421269961
2021-04-22,0.00519128669489938
2021-04-23,3.2817799327598124e-06
2021-04-26,0.0030228724531042002
2021-04-27,0.0024173276909543184
2021-04-28,-0.0027560748768277405
2021-04-30,-0.0017429687120024805
2021-05-06,0.0006704392169376407
2021-05-07,-0.007540855442684919
2021-05-10,-0.0057326957429915185
2021-05-11,0.004576144063680444
2021-05-12,-0.004363165195789298
2021-05-13,0.0075184093732778194
2021-05-14,-0.002517655180638319
2021-05-17,0.01119077382559118
2021-05-18,0.0009638115681111798
2021-05-19,-0.0010958267728971203
2021-05-20,-0.012267465466444461
2021-05-21,-0.0011983275558919582
2021-05-24,0.0013036210607820812
2021-05-25,-0.010852535980183119
2021-05-26,-0.00887071053902388
2021-05-27,0.007981364785884739
2021-05-28,-0.0006439959039717183
2021-06-01,-0.00108531724532242
2021-06-02,-0.0027466491715874
2021-06-03,0.003643906078696981
2021-06-04,0.00275097939476314
2021-06-07,0.002032412581534699
2021-06-08,-0.00202991013309834
2021-06-09,-0.012664176760595659
2021-06-10,-0.0033913007724790402
2021-06-11,-0.0022764221769516
2021-06-14,0.000317821029421881
2021-06-15,-0.0031233927260569407
2021-06-16,-0.0017200085751546599
2021-06-17,4.745443111408036e-05
2021-06-18,0.00511611809082312
2021-06-21,-0.0026016477584481
2021-06-22,0.0008065309409589425
2021-06-23,-0.0068395023994901796
2021-06-24,-0.00640159576616942
2021-06-25,-0.0031954184912927207
2021-06-28,0.0012608427774808998
2021-06-29,-0.00492274050853892
2021-06-30,0.0072212683734274
2021-07-01,-0.002265772570287799
2021-07-02,-0.0054177779658211
2021-07-06,0.0061786168929755005
2021-07-07,-0.00505051462804558
2021-07-08,0.003875965456889381
2021-07-09,0.0026184900298499006
2021-07-12,-0.0015251915054379996
2021-07-13,-0.0010855342635214607
2021-07-14,0.0008930269215629786
2021-07-15,0.002193756742303021
2021-07-16,0.005953776391247741
2021-07-19,-0.0061866024816146
2021-07-20,-0.0026205900500199603
2021-07-21,-0.002639204819440921
2021-07-26,-0.0024263591703105403
2021-07-27,-0.0014334303026361
2021-07-28,0.0018910403847830395
2021-07-29,-0.002534249825838279
2021-07-30,-0.006231728597008978
2021-08-02,0.00592993191703952
2021-08-03,-0.0006716890438820196
2021-08-04,0.007024809597555001
2021-08-05,0.00016987974840404008
2021-08-06,-0.00093411116884846
2021-08-10,0.00807442709600248
2021-08-11,-0.01026109875488746
2021-08-12,-0.0066627709511019205
2021-08-13,-0.00518543221929696
2021-08-16,-0.006060012219212561
2021-08-17,-0.0101750959619386
2021-08-18,-0.00041242291576726016
2021-08-19,0.014984984091960621
2021-08-20,-0.0018040950689625808
2021-08-23,0.01023238908902458
2021-08-24,-0.0013105449305675196
2021-08-25,-0.00010433751384672019
2021-08-26,0.00048383709882601983
2021-08-27,0.0017189864606216403
2021-08-30,-0.0048558354902144
2021-08-31,-0.00381128256830518
2021-09-01,0.0014324500778727586
2021-09-02,-0.00343616776821154
2021-09-03,-0.0035769594497465796
2021-09-07,-0.00498430752208232
2021-09-08,0.00090757599171702
2021-09-09,-0.0015808160344282802
2021-09-10,0.006122045943824882
2021-09-13,-0.002101581869164461
2021-09-14,-0.004197651409352741
2021-09-15,-0.0037611050057605603
2021-09-16,0.00786907558844644
2021-09-17,-0.0020016235108155003
2021-09-21,-0.0045200570905371594
2021-09-22,0.00555238365159926
2021-09-24,-0.007470755238964799
2021-09-27,-0.0015013059444520605
2021-09-28,-0.006760549078539679
2021-09-29,0.00724858243761568
2021-09-30,0.005569705320726058
2021-10-01,0.0006414843864943603
2021-10-04,-0.0006785122047216
2021-10-05,0.00043528378393818044
2021-10-06,-0.0045045604684527995
2021-10-07,-0.0064725985470361
2021-10-08,0.0012431147141903599
2021-10-11,0.01384637093345192
2021-10-12,-0.0024103244461339208
2021-10-13,-0.0027791215564191406
2021-10-14,-0.003328714359095421
2021-10-15,0.000574601771680101
2021-10-18,-0.01131816800864464
2021-10-19,0.00081816302978048
2021-10-20,-0.007583122859252282
2021-10-21,0.0030227440884116608
2021-10-22,-0.0019478561314864799
2021-10-25,-0.00530619357926096
2021-10-26,-0.0008197943274539802
2021-10-27,0.00515331416646908
2021-10-28,-0.0032932162940656207
2021-10-29,-0.00054379643270366
2021-11-01,0.0010373682651770412
2021-11-02,-0.0010185244486193012
2021-11-04,-0.00139899783828878
2021-11-05,-0.007467257270460679
2021-11-08,0.00144706323772414
2021-11-09,-0.0076462226282073605
2021-11-10,0.004178743005242021
2021-11-11,0.004828515110615999
2021-11-12,0.00035893435603121925
2021-11-15,-0.00216663650655568
2021-11-16,0.0016249701519100404
2021-11-17,-2.8022196296759172e-05
2021-11-18,0.00045788441395761947
2021-11-19,0.00221575671368686
2021-11-22,-0.0014121356811550197
2021-11-24,-0.0014387730396435592
2021-11-26,0.005841655306449856
2021-11-29,0.0005963534098403795
2021-11-30,0.006128424077009101
2021-12-01,0.006408189697144358
2021-12-02,-0.003749069292673899
2021-12-03,-0.01619014805448578
2021-12-06,-0.012878969567303219
2021-12-07,0.0027666077829676585
2021-12-08,-0.00036180016631656015
2021-12-09,-0.00181457946704336
2021-12-10,-0.0037186450704150397
2021-12-13,-0.0025651572113561203
2021-12-14,-0.0043666757097749
2021-12-15,0.005887102388908261
2021-12-16,-0.0012402592479567804
2021-12-17,0.01631876339077018
2021-12-20,-0.00811609527791986
2021-12-21,0.00307015860538466
2021-12-22,0.002898840559768241
2021-12-23,-0.00865662213128998
2021-12-27,-0.00030936706745235973
2021-12-28,0.00358936007895742
2021-12-29,0.006048995828877241
2021-12-30,-0.00199786011909306
2022-01-04,-0.0014374379560684204
2022-01-05,-0.0126032972113099
2022-01-06,-0.0122744249532327
2022-01-07,-0.010402247171876659
2022-01-11,-0.011925763778408302
2022-01-12,-0.000981426261913101
2022-01-13,0.01465871656000036
2022-01-14,-0.00129331144196338
2022-01-18,-0.00423241112207208
2022-01-19,-0.0045844736008838986
2022-01-20,0.004972742287410243
2022-01-21,-0.00395802602266364
2022-01-24,0.0016454310051485822
2022-01-25,0.0013893206006536374
2022-01-26,-0.00404465363601858
2022-01-27,0.007909089768266247
2022-01-28,0.01032280175300198
2022-01-31,0.005842507962001759
2022-02-01,0.00638356959396034
2022-02-02,-0.00463569862594482
2022-02-03,-0.005819305125695639
2022-02-04,-0.00032330385756832
2022-02-07,-0.014737650794918422
2022-02-08,0.020744214758637077
2022-02-09,0.01229332918585306
2022-02-10,0.0005895626955650206
2022-02-14,-0.0013992481374335598
2022-02-15,-0.0006905650437629991
2022-02-16,-0.0125560893349745
2022-02-17,0.0013268430643434198
2022-02-18,-6.753129023053927e-05
2022-02-22,-0.007388387608799739
2022-02-24,0.006846984899601619
2022-02-25,0.01591433585491712
2022-02-28,0.01592377200822874
2022-03-01,0.003263200076145
2022-03-02,-0.007139108712179499
2022-03-03,-0.0046887825484696185
2022-03-04,-0.005280939856323298
2022-03-07,-0.017134637914950318
2022-03-08,-0.006277760784447722
2022-03-09,0.0003843240703930006
2022-03-10,-0.014397875923336198
2022-03-11,-0.014021362195586
2022-03-14,-0.00223314632434286
2022-03-15,-0.02585798884478448
2022-03-16,0.0037051252528958398
2022-03-17,0.0033538082617332395
2022-03-18,0.0035884914268884995
2022-03-22,-0.01206455886045394
2022-03-23,0.010157933321615038
2022-03-24,-0.021914574143724736
2022-03-25,-0.004580887116056399
2022-03-28,-0.0005602480792984998
2022-03-29,-0.00026366253135514013
2022-03-30,0.007289179845892384
2022-03-31,-0.008695246857049699
2022-04-01,0.0026655805462244006
2022-04-04,-0.0013633870307758
2022-04-05,0.0024745497055878394
2022-04-06,-0.0006854508497531595
2022-04-07,-0.0014216965723766002
2022-04-08,-0.0027636238605054184
2022-04-11,0.002160609906330999
2022-04-12,0.0014747962016391008
2022-04-13,-0.0025439242215013797
2022-04-14,-0.006102463131057061
2022-04-18,0.0002422103680261192
2022-04-19,0.0008232096291226603
2022-04-20,-0.0023775303016613397
2022-04-21,0.0011464854783562002
2022-04-22,-0.00265795341666306
2022-04-25,-0.00012191415676300033
2022-04-26,0.0021477234552214203
2022-04-27,-0.004252859365816299
2022-04-28,0.0055630652522225595
2022-05-02,-0.0035514237945260202
2022-05-06,-0.006365249051054279
2022-05-09,0.002580309927518001
2022-05-10,0.01383553200447096
2022-05-11,-0.00311589023161492
2022-05-12,-0.00399230959865326
2022-05-13,-0.0031905241155183017
2022-05-16,-0.005235517536220202
2022-05-17,-0.0010567127593904208
2022-05-18,0.01106877152654032
2022-05-19,-0.0029576795394563177
2022-05-20,-0.00464497498038558
2022-05-23,0.00353520474477108
2022-05-24,-0.0016393996795325194
2022-05-25,0.0033600838735644194
2022-05-26,-0.0016252932991158001
2022-05-27,0.0014566542257545625
2022-05-31,0.00636805413545472
2022-06-01,0.005061531144436601
2022-06-02,0.00014423308045712025
2022-06-03,-0.0022756545446415604
2022-06-06,-0.004246684146857801
2022-06-07,-0.006307046343651181
2022-06-08,0.0005314618157081404
2022-06-09,-0.007220071824841101
2022-06-10,-0.004476235277028781
2022-06-13,-0.0006707722351845998
2022-06-14,-0.0034708709921567613
2022-06-15,-0.0018602528730483382
2022-06-16,0.00474734153936952
2022-06-17,0.00712568237710148
2022-06-21,-0.0006922471577544987
2022-06-22,-0.009345761342044399
2022-06-23,-0.0013387587159838208
2022-06-24,0.005839183940724201
2022-06-27,0.0008812509388326002
2022-06-28,0.0024064565302226813
2022-06-29,-0.0053525280588888205
2022-06-30,0.0066990837105968
2022-07-01,-0.0014722609959987396
2022-07-05,0.0017499656130144402
2022-07-06,-0.019709714793892698
2022-07-07,0.0039719088301811995
2022-07-08,0.0030728885792526
2022-07-11,0.004857959936636239
2022-07-12,5.019273359806002e-05
2022-07-13,0.00488216730452056
2022-07-14,-0.0013657432287467412
2022-07-15,-0.00395167908991912
2022-07-19,0.009113088655740221
2022-07-20,0.00240361052306742
2022-07-21,-0.0036841283041472196
2022-07-22,0.00790928593738938
2022-07-25,-0.00040347202436212017
2022-07-26,-0.00195222195091984
2022-07-27,-0.00312234852564282
2022-07-28,-0.00340997702244938
2022-07-29,-0.001127328527243959
2022-08-01,0.00662163607570974
2022-08-02,0.0003706522116503439
2022-08-03,-0.0015497943961753596
2022-08-04,0.00967378768044088
2022-08-05,0.001611803208317001
2022-08-08,0.0031474109540560197
2022-08-09,0.004434098060388119
2022-08-10,0.00131904397778
2022-08-12,-0.001984938719820282
2022-08-15,9.869102519646013e-05
2022-08-16,0.0034652388062688996
2022-08-17,0.0011957654553920796
2022-08-18,-0.0027592622930290404
2022-08-19,0.00807315223723152
2022-08-22,-0.0003446087013157205
2022-08-23,-0.00494538763057034
2022-08-24,0.002717549764264281
2022-08-25,0.0026128707697151998
2022-08-26,0.004024622211396619
2022-08-29,0.00918995894696144
2022-08-30,-0.0004464042134286004
2022-08-31,-0.0013026981186064395
2022-09-01,-0.0023027850948460805
2022-09-02,-0.0011454154462508205
2022-09-06,-0.0016362761521092196
2022-09-07,-0.0007524780908527004
2022-09-08,0.0021506644425811003
2022-09-09,-0.0007769385216933791
2022-09-12,-0.007853131115550641
2022-09-13,0.00340756373390766
2022-09-14,-0.00251505528249956
2022-09-15,-0.0005254239720826
2022-09-16,0.00270943546490554
2022-09-20,-0.0031356232882063404
2022-09-21,0.003036561595587961
2022-09-22,-0.0006441642684690595
2022-09-26,0.01623600926414038
2022-09-27,0.0019270660344420198
2022-09-28,0.0026513338859619597
2022-09-29,-0.01329932664701676
2022-09-30,0.002677480797695161
2022-10-03,-0.001578465199110762
2022-10-04,0.0012077103671584224
2022-10-05,-0.00198864176801738
2022-10-06,-0.0061136835032895
2022-10-07,-0.0026811374177884793
2022-10-11,0.00924269118156222
2022-10-12,0.011509267021862259
2022-10-13,-0.0045944881507617615
2022-10-14,-0.00597891027963488
2022-10-17,-0.0006854474719959398
2022-10-18,-0.0015290710731153201
2022-10-19,0.00586971010275482
2022-10-20,-0.00449243585186096
2022-10-21,-0.00454427850582878
2022-10-24,0.012655298692599242
2022-10-25,-0.00252165787410128
2022-10-26,0.00597778130936854
2022-10-27,0.0003727300849010202
2022-10-28,-0.00463220861430086
2022-10-31,-0.00036622230776857975
2022-11-01,0.007539784074992581
2022-11-02,0.011402264419912999
2022-11-04,-0.0007982675353420806
2022-11-07,-0.00199991230966306
2022-11-08,0.0048281285142773
2022-11-09,0.0013342204543680203
2022-11-10,0.0014228692359663222
2022-11-11,0.012605132854644981
2022-11-14,-0.00602780206720944
2022-11-15,0.005342213214490899
2022-11-16,0.003472588791422499
2022-11-17,0.014286933101060259
2022-11-18,-0.00831619297358748
2022-11-21,-0.00332514601105048
2022-11-22,0.00585959231948836
2022-11-25,0.00040614196516807984
2022-11-28,0.00627432184971296
2022-11-29,0.0016994404617673396
2022-11-30,0.006749593833740561
2022-12-01,-0.006737952864279261
2022-12-02,0.006331057139288082
2022-12-05,-0.0014080718129482212
2022-12-06,-0.0006001629157032593
2022-12-07,-8.09950154106202e-05
2022-12-08,0.00542982794708722
2022-12-09,-0.0005812001953462197
2022-12-12,-0.0026340540470725605
2022-12-13,-0.0020668372973248797
2022-12-14,0.00272886612872484
2022-12-15,-0.004750920619665219
2022-12-16,0.005541192188065979
2022-12-19,0.00233617545641342
2022-12-20,-0.02037353901557652
2022-12-21,-0.009987218970084762
2022-12-22,-0.00526957301620262
2022-12-23,0.0034062060227387403
2022-12-27,-0.00641335096186008
2022-12-28,-0.0032096523301346803
2022-12-29,0.00044409337458601976
2022-12-30,-0.005504789198290461
2023-01-04,-0.001943295455616641
2023-01-05,-0.00156230254042484
2023-01-06,0.004083090047242181
2023-01-10,-0.0001499700885535197
2023-01-11,0.00718456313054308
2023-01-12,0.01968965046498688
2023-01-13,-0.011596342698358521
2023-01-17,0.01124804627985608
2023-01-18,-0.0024116109152831806
2023-01-19,0.0031372755753848003
2023-01-20,-0.007476458260960741
2023-01-23,0.0054611304418566604
2023-01-24,-0.0039994512947192605
2023-01-25,-0.0034446894642338414
2023-01-26,0.00458979395971162
2023-01-27,-0.0005749420641969997
2023-01-30,0.0012272077447485603
2023-01-31,0.01542046293787034
2023-02-01,0.00454445596921444
2023-02-02,0.0016129799542014597
2023-02-03,0.0012276936875606796
2023-02-06,0.008169199487188441
2023-02-07,0.0049943274646651395
2023-02-08,-0.00374213269861432
2023-02-09,-0.002542288710698521
2023-02-10,-0.0025768717180017
2023-02-13,0.006389026904697141
2023-02-14,0.0008948476808819601
2023-02-15,-0.008490211146609099
2023-02-16,0.0037597104714778397
2023-02-17,-0.0032403581862461795
2023-02-21,0.005323150463550121
2023-02-22,0.0006542735993733785
2023-02-24,0.0058339752663286604
2023-02-27,0.0003076989231814622
2023-02-28,-0.0021155690361609
2023-03-01,-0.005522680591922099
2023-03-02,-0.0012798751362863986
2023-03-03,-0.00891966547590244
2023-03-06,0.0004958618736033598
2023-03-07,-0.0004126619474421993
2023-03-08,0.0085857499351273
2023-03-09,-0.005638729894970899
2023-03-10,0.004957758846970259
2023-03-13,-0.0025304829966624398
2023-03-14,0.013068480997167342
2023-03-15,-0.001246495617380522
2023-03-16,-0.0056591106734579615
2023-03-17,0.004936079870834579
2023-03-20,-0.003552863426237559
2023-03-22,-0.00291290337155602
2023-03-23,0.0008960789216069997
2023-03-24,-0.0062730073295781804
2023-03-27,-0.00897777253163292
2023-03-28,0.00209246241306968
2023-03-29,-0.0021122543068742197
2023-03-30,-0.0045296641601450804
2023-03-31,0.00213192349846016
2023-04-03,0.0030607660851371798
2023-04-04,0.00350417800596564
2023-04-05,-0.0012575844381776807
2023-04-06,-0.00752173134608832
2023-04-10,0.00011424781561017992
2023-04-11,0.0010844962480889599
2023-04-12,0.00201476621718278
2023-04-13,-0.00282638066109076
2023-04-14,0.00533501433424622
2023-04-17,-0.0009177246340129199
2023-04-18,-0.0011325185988570997
2023-04-19,-0.00796004322179338
2023-04-20,-0.00357762009822172
2023-04-21,-0.01035709120739404
2023-04-24,-0.0075002225115714805
2023-04-25,-0.005481498976540561
2023-04-26,0.0023149457331643405
2023-04-27,-0.00243175920054922
2023-04-28,0.01053718179182414
2023-05-01,0.00127786813429612
2023-05-02,-0.00314698125865174
2023-05-08,0.0005129692991166796
2023-05-09,-0.00943428087013722
2023-05-10,0.003178818491279581
2023-05-11,-0.00637820458960638
2023-05-12,-0.0184541891208437
2023-05-15,0.00760900681766484
2023-05-16,0.00735019707488072
2023-05-17,-0.00475845031747708
2023-05-18,-0.0058542410751713
2023-05-19,0.0071253258066478805
2023-05-22,0.007516251206717081
2023-05-23,-6.648812857712027e-05
2023-05-24,0.00203587139806688
2023-05-25,-0.00218691029815426
2023-05-26,0.00239934365723292
2023-05-30,0.00704896460844992
2023-05-31,-0.00814489672319424
2023-06-01,0.0011484807891347613
2023-06-02,0.00214864570236052
2023-06-05,-0.0011082074908386197
2023-06-06,-0.00655016573117944
2023-06-07,0.00031499689467783844
2023-06-08,0.006956234067546118
2023-06-09,0.0026859700163642804
2023-06-12,0.00821241749337962
2023-06-13,0.00932125821355598
2023-06-14,0.0006324854050649199
2023-06-15,0.0030565215590235197
2023-06-16,-0.0024235564082029405
2023-06-20,-0.00891189059348278
2023-06-21,0.011270811706598218
2023-06-22,0.00248150872417564
2023-06-23,-0.008816724433622358
2023-06-26,0.0019588279759335204
2023-06-27,0.005169335768149721
2023-06-28,0.003989893243390082
2023-06-29,-0.0013151882695701406
2023-06-30,0.0006107904679641799
2023-07-03,0.00051405213820654
2023-07-05,5.893762820304016e-05
2023-07-06,0.005316961235525459
2023-07-07,-0.00323136606914422
2023-07-10,0.006885738491420722
2023-07-11,-0.003685961415419381
2023-07-12,0.002717403179090779
2023-07-13,-0.00514120664853198
2023-07-14,0.0015704744451733406
2023-07-18,-0.0021084371526373
2023-07-19,-0.0025592729889441605
2023-07-20,0.00438497474780284
2023-07-21,3.064133932919894e-05
2023-07-24,0.00638642236890404
2023-07-25,0.007161869668195241
2023-07-26,-0.00051167176048124
2023-07-27,0.0031844116590457397
2023-07-28,-0.01882350796178062
2023-07-31,0.0024405695304911
2023-08-01,-0.00299411705799626
2023-08-02,0.0031618852677763824
2023-08-03,0.004253199005043879
2023-08-04,0.00153999127468964
2023-08-07,-0.005071686080444579
2023-08-08,-0.00801326331302916
2023-08-09,0.0030916319477325015
2023-08-10,0.0010444433006477575
2023-08-14,-0.0018069070535132199
2023-08-15,0.0026565115106601807
2023-08-16,0.0023300519024318407
2023-08-17,-0.0031846826325242
2023-08-18,-0.00720885763841578
2023-08-21,0.00395589267772772
2023-08-22,0.00526976604223396
2023-08-23,0.0031497553519192617
2023-08-24,-0.004844558376780739
2023-08-25,3.9760247412620135e-05
2023-08-28,0.0052583936461398605
2023-08-29,-0.0020051947816003405
2023-08-30,0.004113600025336761
2023-08-31,0.001751218051656879
2023-09-01,-0.0028594234917422006
2023-09-05,0.00492605256933382
2023-09-06,-0.0075040752839907205
2023-09-07,-0.0009087439780326996
2023-09-08,-0.01014234047032982
2023-09-11,-0.014169621550760219
2023-09-12,-0.00394528473295568
2023-09-13,-0.00974438559351994
2023-09-14,-0.0025260279485308807
2023-09-15,-0.00537235820776948
2023-09-19,-0.01579648004598286
2023-09-20,0.002279004900294583
2023-09-21,-0.00343170591367858
2023-09-22,-0.00779904535394226
2023-09-25,-0.0057524513914859
2023-09-26,0.00046165896381547924
2023-09-27,-0.00414318267351466
2023-09-28,0.007383844877894839
2023-09-29,-0.006787763599909097
2023-10-02,-0.0017129013418215999
2023-10-03,-0.006243597663956879
2023-10-04,-0.0007270451086589438
2023-10-05,0.002661601240303778
2023-10-06,0.009318678955746321
2023-10-10,-0.006834770755717639
2023-10-11,-0.0041061311985235195
2023-10-12,0.00609735788176866
2023-10-13,-0.0042343749741635996
2023-10-16,-0.007559297467005401
2023-10-17,0.0011074930971551205
2023-10-18,-0.00041370045827921983
2023-10-19,0.016038066708237222
2023-10-20,0.0002589197268142401
2023-10-23,0.00160831894314656
2023-10-24,0.0035738673055627002
2023-10-25,0.0024748249542695397
2023-10-26,0.0029549452634742204
2023-10-27,-0.008182111732362402
2023-10-30,-0.0048477093246799404
2023-10-31,0.003757967508933561
2023-11-01,-0.0011960146637074818
2023-11-02,3.874344384180092e-06
2023-11-06,0.0007300536326325198
2023-11-07,0.005383406851323921
2023-11-08,-0.0005522749180753989
2023-11-09,-0.0035595236861065797
2023-11-10,0.004024953595711341
2023-11-13,-0.00552982620898668
2023-11-14,0.004060323332736281
2023-11-15,0.00023841850518616006
2023-11-16,0.00472253896311888
2023-11-17,-0.010344651770150579
2023-11-20,3.137456265663941e-05
2023-11-21,0.0009769995145211406
2023-11-22,0.0009501852142706404
2023-11-24,-0.00015888882517808026
2023-11-27,0.0068739573894762
2023-11-28,-0.003392499047747059
2023-11-29,-0.013277703564260739
2023-11-30,0.001218089587496739
2023-12-01,0.0009064556773596601
2023-12-04,-0.00268350418326326
2023-12-05,0.0060949560291421005
2023-12-06,0.0019133380171684408
2023-12-07,0.01594035803803366
2023-12-08,-0.005872178303734721
2023-12-11,-0.00430743322375368
2023-12-12,0.0009675464671091202
2023-12-13,0.0020232767188534196
2023-12-14,-0.010393497710015923
2023-12-15,-0.00235446601757048
2023-12-18,0.00638871843198322
2023-12-19,-0.0069664324916940395
2023-12-20,-0.0032283221413438
2023-12-21,0.0022574386947563398
2023-12-22,-0.00657618084459298
2023-12-26,-0.0020908810376552398
2023-12-27,0.003746876981083362
2023-12-28,0.0006833710679831607
2023-12-29,0.0014009595396226198
2024-01-04,0.006028893423467582
2024-01-05,-0.0007448858373724394
2024-01-09,6.344746511447938e-05
2024-01-10,0.005536274512541319
2024-01-11,0.00393425125501538
2024-01-12,0.00568796895663766
2024-01-16,0.026816130972408724
2024-01-17,-0.0019395429376046804
2024-01-18,0.0045508867216616
2024-01-19,0.007010908920347241
2024-01-22,0.0022203891131723002
2024-01-23,-0.0031510486155368407
2024-01-24,0.014883589009773279
2024-01-25,0.00487064219062836
2024-01-26,-0.00681371356663176
2024-01-29,0.00043446122285763916
2024-01-30,0.0026830028667938193
2024-01-31,0.0011021093156920996
2024-02-01,0.0008037267570558202
2024-02-02,0.00803578703022614
2024-02-05,-0.00014996404450175963
2024-02-06,0.00761060403431214
2024-02-07,-0.00218690648022922
2024-02-08,-0.0030631108127235204
2024-02-09,0.00285405123827546
2024-02-13,0.0058897129237601605
2024-02-14,-0.0006114882120116802
2024-02-15,0.005636128747920301
2024-02-16,0.01088826181283682
2024-02-20,-0.00471899505840756
2024-02-21,-0.0008532428078401409
2024-02-22,-0.00411151898067198
2024-02-26,-0.004694001156161821
2024-02-27,0.007105561977782499
2024-02-28,0.0054608208022258005
2024-02-29,-0.00637276800423272
2024-03-01,0.008785609052248641
2024-03-04,0.006617935512805319
2024-03-05,-0.0037595057127077615
2024-03-06,-0.0039236006436028596
2024-03-07,0.019254323589118556
2024-03-08,-0.0018673983764119397
2024-03-11,-0.008139657334922239
2024-03-12,-0.015405342435867699
2024-03-13,-0.004343872936062501
2024-03-14,0.00801198315383562
2024-03-15,-0.010908628354848399
2024-03-18,-0.015061404481692277
2024-03-19,0.0070003189992141205
2024-03-21,-0.007094954747807679
2024-03-22,-0.0048508674621038
2024-03-25,-0.003606825051846301
2024-03-26,-0.0009010634127100186
2024-03-27,0.0021205229864773
2024-03-28,0.0014264758076422204
2024-04-01,0.0009541585416982211
2024-04-02,0.0037196122787884213
2024-04-03,0.005977269687524639
2024-04-04,-0.008607398775581499
2024-04-05,-0.0032847275452248404
2024-04-08,-0.00142921529681778
2024-04-09,0.006135732993721219
2024-04-10,0.0004560794765882197
2024-04-11,2.037495472482359e-06
2024-04-12,-0.0024839559047358396
2024-04-15,0.01135792121595888
2024-04-16,0.003164724408997916
2024-04-17,-0.009814783104622643
2024-04-18,0.0027704567630849
2024-04-19,0.01259034947224662
2024-04-22,0.003589623251305721
2024-04-23,0.0005925582885124795
2024-04-24,0.004536268250326539
2024-04-25,-0.0018666037041824212
2024-04-26,0.0009712422589099393
2024-04-30,0.006858262220779421
2024-05-01,0.0036270543302026797
2024-05-02,0.004687155836120539
2024-05-07,0.009325268658542942
2024-05-08,-0.0018022871208025013
2024-05-09,-0.0030465655078374203
2024-05-10,-0.0007636611836786596
2024-05-13,0.004976223608014801
2024-05-14,-0.00313955080702144
2024-05-15,0.003161022957760039
2024-05-16,0.004996207341058861
2024-05-17,0.00906388651712912
2024-05-20,0.0026170802026373174
2024-05-21,0.0005852871592895792
2024-05-22,0.005904169222382801
2024-05-23,0.00193610338418172
2024-05-24,0.00214765946185258
2024-05-28,-0.0044403332642788985
2024-05-29,-0.0062192568428505995
2024-05-30,0.0016053073564851594
2024-05-31,-0.002918940700530741
2024-06-03,0.01348791096879822
2024-06-04,0.01225479507684676
2024-06-05,0.00594868411891622
2024-06-06,-0.00706878626976888
2024-06-07,0.007791540145317061
2024-06-10,0.0003957296078396389
2024-06-11,-0.007776437958922202
2024-06-12,-0.00016825626679275974
2024-06-13,0.015137827634693258
2024-06-14,-0.0076863890434576984
2024-06-17,0.006872021632570261
2024-06-18,0.0009299492086652806
2024-06-20,-0.0044513242843390805
2024-06-21,-0.00586381775794244
2024-06-24,-0.0038011253843962802
2024-06-25,0.00479357137663866
2024-06-26,0.0028578065511658006
2024-06-27,0.0025356615068351206
2024-06-28,0.0018786223627576407
2024-07-01,-0.0047179806086638
2024-07-02,0.00207726217845564
2024-07-03,-0.00825553013318448
2024-07-05,-0.00790576188406196
2024-07-08,0.004627638835057719
2024-07-09,-0.0017396181932727607
2024-07-10,-0.0019242502000921193
2024-07-11,0.0053390693983613804
2024-07-12,0.01163198981037632
2024-07-16,-0.012036800752888061
2024-07-17,0.0027554428501121203
2024-07-18,-0.004038759086067799
2024-07-19,0.0051244042140412395
2024-07-22,-0.0036964235666551194
2024-07-23,0.0030593532816861604
2024-07-24,0.0002863693260722576
2024-07-25,-0.011252713621586521
2024-07-26,2.071399313554028e-05
2024-07-29,0.004465291162168839
2024-07-30,-0.0009522042581494004
2024-07-31,0.008461155703822061
2024-08-01,0.008419307979690899
2024-08-02,-0.005484329411919458
2024-08-05,-0.006230222210474277
2024-08-06,0.02487690056241646
2024-08-07,0.006677201883051778
2024-08-08,0.0021233559777452593
2024-08-09,-0.00037248188313888063
2024-08-13,0.0036835081410494797
2024-08-14,-0.00344687356282348
2024-08-15,0.00634534175470236
2024-08-16,-0.0009621999675326603
2024-08-19,0.00866835141721024
2024-08-20,-0.0034499188395393197
2024-08-21,0.00047618071882283945
2024-08-22,-3.579541923095977e-05
2024-08-23,-0.00286529002838932
2024-08-26,0.0009314034532239801
2024-08-27,-0.002954984383282201
2024-08-28,-0.00034856943985212024
2024-08-29,-0.00520866431154496
2024-08-30,-0.013953615254882819
2024-09-03,0.010815526661470318
2024-09-04,-0.005382314279549118
2024-09-05,0.0049746649032595
2024-09-06,-0.002612630576711619
2024-09-09,-0.0013001493339106218
2024-09-10,0.008654613610519899
2024-09-11,-0.0026516597112449004
2024-09-12,-0.0011206788821565806
2024-09-13,5.159354523636122e-05
2024-09-17,-0.001570957814158919
2024-09-18,-0.002636608007917698
2024-09-19,-0.0017634737723630205
2024-09-20,0.0034575533344618197
2024-09-24,0.006633107929329681
2024-09-25,0.0059371961906267
2024-09-26,0.003337246893806079
2024-09-27,-0.0028204399124930786
2024-09-30,-0.00027157819572867954
2024-10-01,0.01018153534899062
2024-10-02,-0.004235543614515879
2024-10-03,0.0026036429132667805
2024-10-04,0.00047103383331370107
2024-10-07,-0.0017526202952298803
2024-10-08,0.005116507363148581
2024-10-09,-0.01018513644797556
2024-10-10,0.0023839460875033597
2024-10-11,-0.00902612237907666
2024-10-15,-0.01251707657284564
2024-10-16,0.010561875630934341
2024-10-17,0.00422903462387476
2024-10-18,0.0006293365479509605
2024-10-21,1.0430269418900892e-05
2024-10-22,0.006910539508715342
2024-10-23,0.00322067798352672
2024-10-24,-0.0030670484788519604
2024-10-25,-0.0009007290290610178
2024-10-28,0.0038947459205971625
2024-10-29,0.006090377541474739
2024-10-30,0.0012021560271040202
2024-10-31,0.005209907262924579
2024-11-01,-0.009469678231112902
2024-11-05,0.00312303596118442
2024-11-06,0.0074531754219747
2024-11-07,-0.0044910545944257
2024-11-08,0.0145236272485925
2024-11-11,-0.0007030949664961406
2024-11-12,-0.0007130500647186382
2024-11-13,0.00343156743422594
2024-11-14,0.000956286097164639
2024-11-15,0.00395827337571558
2024-11-18,-0.00701250014466954
2024-11-19,-0.004220194383276001
2024-11-20,-0.00141069446625212
2024-11-21,0.001107432889493578
2024-11-22,0.00125186320123368
2024-11-25,-0.00614381200423876
2024-11-26,0.0070608244982258
2024-11-27,0.00973197321660038
2024-11-29,-0.00143732343634222
2024-12-02,0.00149373623452872
2024-12-03,0.0025075698566761596
2024-12-04,-0.010460017711658817
2024-12-05,0.0005124509629530604
2024-12-06,-0.0013069769540051195
2024-12-09,-0.00191769511759696
2024-12-10,-0.00044566177798062
2024-12-11,6.166204561166015e-05
2024-12-12,-0.0046644111282164
2024-12-13,0.005687178918474041
2024-12-16,-0.0073962270825321
2024-12-17,-0.01460480709804928
2024-12-18,0.0012324086804956
2024-12-19,-0.004838090614024281
2024-12-20,0.002438678406285117
2024-12-23,-0.0013275345688085207
2024-12-24,-0.00768229080252702
2024-12-26,0.00590338613061192
2024-12-27,0.00673788455993032
2024-12-30,-0.004975220307991039
2025-01-06,-0.003280273480794859
2025-01-07,0.011129664246930522
2025-01-08,-0.0011152666398559397
2025-01-10,0.002509789973770501
2025-01-14,-0.005241125318816539
2025-01-15,0.0023269283671159807
2025-01-16,0.01270694993917874
2025-01-17,-0.00373517216583712
2025-01-21,0.0006850985718808798
2025-01-22,-0.009105709619209881
2025-01-23,0.00315256559341078
2025-01-24,0.0008828115998109202
2025-01-27,0.01485539766905968
2025-01-28,-0.0027942304489764606
2025-01-29,0.00421293151288064
2025-01-30,0.0018358771623405395
2025-01-31,-0.01043279826210738
2025-02-03,-0.00494174646012612
2025-02-04,-0.006403361781959239
2025-02-05,0.0016700751535044596
2025-02-06,0.0035547576845029803
2025-02-07,-0.0003050613906789598
2025-02-10,-0.0035998454263920588
2025-02-12,0.007213027407640341
2025-02-13,0.007971377275465461
2025-02-14,0.007136606440936461
2025-02-18,-0.00483840971805392
2025-02-19,-0.0038008224736093997
2025-02-20,0.004880924345196559
2025-02-21,-0.00209945364288356
2025-02-25,-0.0039152105484643795
2025-02-26,0.00816260340564428
2025-02-27,0.004348615603761543
2025-02-28,0.00546717719572612
2025-03-03,-0.00795255448842796
2025-03-04,0.0030862925825108412
2025-03-05,0.007745918824746879
2025-03-06,-0.0027214491484175004
2025-03-07,-0.0008573242136659005
2025-03-10,0.006514175182543101
2025-03-11,-0.0030308815955598202
2025-03-12,0.00464102798935492
2025-03-13,-0.00462202674400988
2025-03-14,-0.004119224467441739
2025-03-17,0.00037967876178493943
2025-03-18,-0.008821018064684742
2025-03-19,-0.005109179399322901
2025-03-21,0.0068569013916755205
2025-03-24,-0.00818452117337198
2025-03-25,0.007468415080601959
2025-03-26,-0.00512992509212642
2025-03-27,0.004862205838987701
2025-03-28,0.0079908753228628
2025-03-31,0.004778716266967142
2025-04-01,0.008353887799232919
2025-04-02,0.004585574584397539
2025-04-03,0.01311424951202972
2025-04-04,0.01290771540239128
2025-04-07,0.03360837501177684
2025-04-08,0.006595591193500019
2025-04-09,0.011692859323680182
2025-04-10,-0.037203376350363165
2025-04-11,-0.01212019262316988
2025-04-14,-0.0009399173592966198
2025-04-15,-0.01354501303804796
2025-04-16,-0.014490683600824021
2025-04-17,0.00340494551884418
2025-04-21,-0.00019752626716854071
2025-04-22,3.825860777740067e-05
2025-04-23,-0.0022590408740507805
2025-04-24,0.01686196910910638
2025-04-25,0.00017878001488538017
2025-04-28,0.00465158109714718
2025-04-30,-0.000584891676462401
2025-05-01,0.0018160265323947408
2025-05-02,-0.008664963819047659
2025-05-07,0.00202807940538648
2025-05-08,0.0045695395885343194
2025-05-09,0.0072117212817295
2025-05-12,0.0158236147453895
2025-05-13,-0.00339928150907322
2025-05-14,0.008913997727818621
2025-05-15,-0.014777868635897121
2025-05-16,0.00310494955877036
2025-05-19,0.0037389790118278
2025-05-20,-0.017465804544121118
2025-05-21,0.00256075751917328
2025-05-22,0.0081314167679262
2025-05-23,0.00244402309293704
2025-05-27,-0.010267845997501258
2025-05-28,-0.003035353720045179
2025-05-29,0.006705530116256081
2025-05-30,-0.007272283253304738
2025-06-02,0.00144273309387334
2025-06-03,0.00383809305249602
2025-06-04,-0.0017664516936050799
2025-06-05,-0.002559206631370479
2025-06-06,-0.00266050502510342
2025-06-09,-0.0002625227956622395
2025-06-10,-0.0083012554362658
2025-06-11,0.0034742406793923796
2025-06-12,0.00164203034045972
2025-06-13,0.01224221645320766
2025-06-16,-0.0041661185108652
2025-06-17,-0.00216925410614956
2025-06-18,-0.0007934582872145199
2025-06-20,0.0017401698392587597
2025-06-23,0.0037182776795281207
2025-06-24,-0.0001372110835434195
2025-06-25,-0.004649447409040361
2025-06-26,0.0019635938499661405
2025-06-27,0.006475182203336481
2025-06-30,0.0035904192642174397
2025-07-01,0.0045304694735896
2025-07-02,0.0007411926546828018
2025-07-03,0.00700844371159706
2025-07-07,-0.011001757883219162
2025-07-08,-0.01491969164720664
2025-07-09,-0.007478152809620821
2025-07-10,0.005580956100861
2025-07-11,-0.005404598515024599
2025-07-14,-0.0017380917685851996
2025-07-15,-0.00593754247498538
2025-07-16,-0.004098409479147859
2025-07-17,-0.0034317005463626185
2025-07-18,0.0012272921342393207
2025-07-22,-0.0041910278430250195
2025-07-23,-0.00854893167888062
2025-07-24,0.005699794187146079
2025-07-25,0.00137638027171652
2025-07-28,0.00750442904109956
2025-07-29,0.00027658214124806017
2025-07-30,0.002108686475641201
2025-07-31,0.00775283819680064
2025-08-01,-0.015435431264119639
2025-08-04,-0.00412261400835956
2025-08-05,-0.00046818261124369947
2025-08-06,0.0053773064540702
2025-08-07,0.0019089878150809602
2025-08-08,0.010169223048901438
2025-08-12,0.00811131336412288
2025-08-13,-7.396018307854004e-05
2025-08-14,-0.007816176333951201
2025-08-15,0.01421222134173188
2025-08-18,-0.00862262214641214
2025-08-19,-0.0025643663621353007
2025-08-20,0.005122171249799959
2025-08-21,-0.00119698633651418
2025-08-22,-0.0023605717077761403
2025-08-25,0.0064959354607961204
2025-08-26,0.0024349390401961785
2025-08-27,-0.008900714756168441
2025-08-28,-0.0070823943131496005
2025-08-29,0.00386459435982036
2025-09-02,0.007555873325471498
2025-09-03,0.0002965060812519598
2025-09-04,-0.007340679875605139
2025-09-05,0.0036400927264607806
2025-09-08,0.002582038099337901
2025-09-09,-0.006757605062087359
2025-09-10,0.00282131556912066
2025-09-11,0.0103677436595636
2025-09-12,0.0037727607440049002
2025-09-16,0.00489651349001586
2025-09-17,0.0013994533882393805
2025-09-18,-0.012835961541765941
2025-09-19,-0.013075863051980259
2025-09-22,0.00733075647658476
2025-09-24,0.007313045151147139
2025-09-25,-0.00397670808760514
2025-09-26,-0.010228800349029479
2025-09-29,-0.008489178271236941
2025-09-30,-0.00267698124519286
2025-10-01,0.00029250737961689956
2025-10-02,-0.01715905197904518
2025-10-03,-0.0057928407087858395
2025-10-06,0.010201556637256241
2025-10-07,-0.007725255623327081
2025-10-08,-0.004730631398611941
2025-10-09,0.00365565535400838
2025-10-10,0.005406204599897154
2025-10-14,0.00958819677104918
2025-10-15,-0.011370966490511919
2025-10-16,0.010853184714627399
2025-10-17,-0.0029262795909686
2025-10-20,-0.01302355441060136
2025-10-21,0.00041622363498454093
2025-10-22,-0.0029872021467375193
2025-10-23,0.00441186885299852
2025-10-27,0.01601346843140948
2025-10-28,-0.011681729411878197
2025-10-29,0.01585396393083736
2025-10-30,0.00926136436901926
2025-10-31,0.011730832202551882
2025-11-04,-0.0027815151953759394
2025-11-05,0.02201577558449158
2025-11-06,0.007397462469344579
2025-11-07,0.007476848322466879
2025-11-10,0.004111639913951181
2025-11-11,-0.012415999217357622
2025-11-12,-0.010665300579178721
2025-11-13,-0.001749940221282299
2025-11-14,0.0028389262946544817
2025-11-17,-0.00016145209927852038
2025-11-18,-0.01802533549565994
2025-11-19,0.00889449443411384
2025-11-20,0.01005761879090814
2025-11-21,0.012206648241085121
2025-11-25,0.0040620154280561205
2025-11-26,-0.0025011328081883007
2025-11-28,-0.0012844665774622397
2025-12-01,-0.00014904469383788393
2025-12-02,0.00669824723131008
2025-12-03,0.01224181494603196
2025-12-04,-0.004667229019677019
2025-12-05,0.013937145972739061
2025-12-08,0.0031999606410485996
2025-12-09,0.005988860283759361
2025-12-10,-0.00797238193700026
2025-12-11,-0.0020371395672407373
2025-12-12,-0.00012630806702998085
2025-12-15,0.015730618662593218
2025-12-16,0.006724739444924303
2025-12-17,0.003408569482514481
2025-12-18,0.00820000864746424
2025-12-19,-0.0014892782675145003
2025-12-22,0.017461405519379858
2025-12-23,-0.00378968711644112
2025-12-24,0.0013051145652094396
2025-12-26,0.00524396661369178
2025-12-29,-0.0033436447998623797
2025-12-30,-0.0005923930704119198
