sig_coef,size_cap,size_min,short_amp,annual_r,sharpe,max_dd,calmar,win_rate,final,method,long_coef,short_coef,target_vol
8.0,5.0,0.3,1.5,1.9755964123287844,4.457334199877816,-0.47238491694818846,4.182175047188201,0.5433575395130287,2508143.407254113,A,,,
8.0,5.0,0.5,1.5,1.9739346881463513,4.450844267566415,-0.47123873617195844,4.188820944944662,0.5433575395130287,2495161.661636517,A,,,
8.0,5.0,0.3,1.4,1.818918445528225,4.367284265658245,-0.4489707745945595,4.051307008058128,0.5433575395130287,1517482.3477939707,A,,,
8.0,5.0,0.5,1.4,1.8173442182809296,4.360466555623277,-0.4477737293894688,4.058621797126966,0.5433575395130287,1509628.103989058,A,,,
7.0,5.0,0.3,1.5,1.7325058967464648,4.2338600810544715,-0.43609556397273,3.9727666132710353,0.5433575395130287,1136355.192876665,A,,,
7.0,5.0,0.5,1.5,1.7295413983575676,4.222997706652233,-0.43497344736112187,3.976199947031881,0.5433575395130287,1124953.9306935808,A,,,
8.0,5.0,0.3,1.3,1.6681538541933807,4.272474875539064,-0.42472473109099174,3.9276117731792746,0.5433575395130287,910675.5270190515,A,,,
8.0,5.0,0.5,1.3,1.6666638215519938,4.265280634566259,-0.423475014251112,3.9356839611880767,0.5433575395130287,905962.0174175937,A,,,
7.0,5.0,0.3,1.4,1.598587445618346,4.158140404101165,-0.4137691438249207,3.8634766982401203,0.5433575395130287,712489.0402120682,A,,,
7.0,5.0,0.5,1.4,1.5957682354914358,4.146789013234227,-0.4126025997441797,3.8675670887212976,0.5433575395130287,705340.5056685035,A,,,
8.0,5.0,0.3,1.25,1.5949648026926782,4.2225727968799065,-0.41228291009585877,3.8686173101908037,0.5425032037590773,703315.0336490169,A,,,
8.0,5.0,0.5,1.25,1.593515642535296,4.215171121383636,-0.4110061648852901,3.877108857917104,0.5425032037590773,699674.7885061547,A,,,
7.0,4.0,0.5,1.5,1.5305386565639738,4.118016520356828,-0.4103608244507458,3.7297387210695576,0.5433575395130287,556827.3297337817,A,,,
8.0,5.0,0.3,1.2,1.5232238543382386,4.170520598480531,-0.39962486960858373,3.8116342854992338,0.5412217001281504,542052.8195372955,A,,,
8.0,5.0,0.5,1.2,1.5218147579705081,4.162898653241842,-0.39832062631629367,3.820577337519257,0.5412217001281504,539247.2415969837,A,,,
7.0,5.0,0.3,1.3,1.4694212566182774,4.078198506151066,-0.39073288599763467,3.7606797617418173,0.5433575395130287,443695.0762185852,A,,,
7.0,5.0,0.5,1.3,1.466742179019406,4.066284530498335,-0.38952050193776633,3.765507005979745,0.5433575395130287,439243.40131532826,A,,,
6.0,5.0,0.3,1.5,1.4616024778433139,3.983836719444643,-0.38885501046987825,3.758733817206487,0.5433575395130287,430814.47256882105,A,,,
6.0,5.0,0.5,1.5,1.4577859260215882,3.9682726170863694,-0.38781936218461716,3.7589302344518454,0.5433575395130287,424649.16079576506,A,,,
8.0,5.0,0.3,1.15,1.4529198071779628,4.115874648143479,-0.38674781943825304,3.7567627641399834,0.541648868005126,416902.6097477152,A,,,
8.0,5.0,0.5,1.15,1.4515499721612697,4.108019981485106,-0.38541560229185284,3.766194112354837,0.541648868005126,414744.7891018143,A,,,
7.0,5.0,0.3,1.25,1.4065991233358162,4.03597409269601,-0.3789433268768938,3.7118983857783405,0.5425032037590773,349236.6354857072,A,,,
7.0,5.0,0.5,1.25,1.4039882015323744,4.023749667065935,-0.3777074827069646,3.717131022849302,0.5425032037590773,345732.6796186773,A,,,
8.0,5.0,0.3,1.1,1.3840409602470474,4.058117172021513,-0.37364894938701537,3.704121107573343,0.5407945322511747,319981.30799363414,A,,,
8.0,5.0,0.5,1.1,1.382709590677191,4.05001821326867,-0.37228827650929586,3.714083085403484,0.5407945322511747,318325.13636854273,A,,,
6.0,5.0,0.3,1.4,1.3524241616243282,3.924885791014744,-0.36799070501182457,3.675158484182015,0.5433575395130287,282658.6457967306,A,,,
6.0,5.0,0.5,1.4,1.348776883560412,3.9085477030929643,-0.36691970000673246,3.6759456729515034,0.5433575395130287,278613.5665627495,A,,,
7.0,5.0,0.5,1.2,1.3423950160155704,3.9792340553010344,-0.36571032059955483,3.670651169523501,0.5412217001281504,271659.7549978896,A,,,
8.0,5.0,0.3,1.05,1.3165751356251612,3.9966477291594216,-0.360325429381089,3.653850181727582,0.5412217001281504,245079.58983028965,A,,,
8.0,5.0,0.5,1.05,1.3152814423987063,3.9882944559448528,-0.35893581274684544,3.6643917817316374,0.5412217001281504,243811.09741393066,A,,,
7.0,5.0,0.3,1.15,1.2844316913250586,3.9452205517871914,-0.35481074164042936,3.6200473677505554,0.541648868005126,215246.13445179016,A,,,
7.0,5.0,0.5,1.15,1.2819533090911737,3.9323163810301676,-0.3535268759032897,3.62618345724262,0.541648868005126,213086.5301061021,A,,,
8.0,5.0,0.3,1.0,1.2505097002619845,3.9307756844570547,-0.3467744096086073,3.6061187492854305,0.5403673643741991,187317.18622826072,A,,,
8.0,5.0,0.5,1.0,1.2492529013304385,3.9221604962736585,-0.34535535500175696,3.6172970340190123,0.5403673643741991,186347.66269368667,A,,,
7.0,5.0,0.3,1.1,1.2250674551397154,3.8957751156744562,-0.34246343053112427,3.5772212327598494,0.5407945322511747,168541.90146778827,A,,,
7.0,5.0,0.5,1.1,1.2226534772252289,3.882503020096845,-0.34115499481010214,3.583865093066561,0.5407945322511747,166850.88934454054,A,,,
6.0,5.0,0.3,1.25,1.1952603811262112,3.82889085474088,-0.33561497042043176,3.5614036514190177,0.5425032037590773,148695.18282865683,A,,,
6.0,5.0,0.5,1.25,1.1918567751085187,3.811170604089883,-0.33448910139029164,3.563215573107195,0.5425032037590773,146567.23165787943,A,,,
5.0,5.0,0.2,1.5,1.1864371112337269,3.747886913220184,-0.3323603097046258,3.569731633383461,0.5433575395130287,143234.8791208808,A,,,
5.0,5.0,0.3,1.5,1.1856518876955837,3.7439812827276695,-0.33159095881521644,3.5756460065496065,0.5433575395130287,142757.7239977846,A,,,
5.0,5.0,0.5,1.5,1.180738729006082,3.720294182220733,-0.3309906066467488,3.567287727492009,0.5433575395130287,139804.2230132518,A,,,
7.0,5.0,0.3,1.05,1.1668364424554971,3.842875402357426,-0.3299258937221595,3.5366622161464085,0.5412217001281504,131740.14772350912,A,,,
7.0,5.0,0.5,1.05,1.1644856394250938,3.8292189578226408,-0.3285925094860648,3.5438593571302275,0.5412217001281504,130418.37441385194,A,,,
6.0,5.0,0.3,1.2,1.1446077381035136,3.7937707331992963,-0.3245293521376041,3.5269775462966044,0.5412217001281504,119706.16291800668,A,,,
6.0,5.0,0.5,1.2,1.1412826656584616,3.775526450758822,-0.3233846973826973,3.529179565067218,0.5412217001281504,117993.06862211347,A,,,
7.0,5.0,0.3,1.0,1.1097284963551637,3.785853397155888,-0.3171959537601929,3.498558172637167,0.5403673643741991,102792.61081723635,A,,,
7.0,5.0,0.5,1.0,1.1074396497927816,3.7717993271270656,-0.31583723814490766,3.5063618726449315,0.5403673643741991,101761.27350848122,A,,,
5.0,5.0,0.2,1.4,1.1015511624237968,3.7046475401343795,-0.3134684061835193,3.5140739567192507,0.5433575395130287,99150.27053464204,A,,,
5.0,5.0,0.3,1.4,1.1007964243017305,3.7005151375785084,-0.312677285314003,3.5205513032271174,0.5433575395130287,98819.97347409108,A,,,
5.0,5.0,0.5,1.4,1.096074013443424,3.675505608003749,-0.3120599452471067,3.5123828935350567,0.5433575395130287,96775.49643443365,A,,,
6.0,5.0,0.3,1.1,1.0458648965103459,3.7165199380880445,-0.30190860125085955,3.4641772118354583,0.5407945322511747,77258.83954613448,A,,,
6.0,5.0,0.5,1.1,1.0426929183099416,3.6971322208948045,-0.3007256132979908,3.4672567689694294,0.5407945322511747,76153.20158976292,A,,,
5.0,5.0,0.2,1.3,1.0190834598823266,3.6581105613073266,-0.2941441631488915,3.4645714161816676,0.5433575395130287,68357.52094596335,A,,,
5.0,5.0,0.3,1.3,1.0183583387022899,3.653717323089983,-0.2933307740952299,3.4717064441785426,0.5433575395130287,68129.8030777899,A,,,
5.0,5.0,0.5,1.3,1.0138212416164505,3.6271895842488417,-0.2926960573633779,3.463733849881709,0.5433575395130287,66720.27205676162,A,,,
6.0,5.0,0.3,1.05,0.9977606814580595,3.6733589846055876,-0.2903704536007708,3.4361646272381305,0.5412217001281504,61937.45349234192,A,,,
6.0,5.0,0.5,1.05,0.9946632856612891,3.6533550945980133,-0.28916791306539924,3.439742933844574,0.5412217001281504,61051.0772549502,A,,,
5.0,5.0,0.2,1.25,0.9787461353938645,3.6330205925471963,-0.28431759714289717,3.4424395296994215,0.5425032037590773,56672.15770321905,A,,,
5.0,5.0,0.3,1.25,0.9780355007117421,3.6284830578805503,-0.28349288450046983,3.449947262115925,0.5425032037590773,56483.367022129416,A,,,
5.0,5.0,0.5,1.25,0.9735890459203007,3.60111678440016,-0.28284933156505476,3.442076530756719,0.5425032037590773,55314.78800981478,A,,,
6.0,5.0,0.3,1.0,0.9504916936186054,3.6263396329140276,-0.279223427465085,3.4040542451884988,0.5403673643741991,49584.57871689264,A,,,
6.0,5.0,0.5,1.0,0.9474675852609202,3.605694698694855,-0.2790415049709412,3.3954360494134646,0.5403673643741991,48874.98234446213,A,,,
5.0,5.0,0.2,1.2,0.9390008460301646,3.6063105372313893,-0.2743801563827574,3.42226223065588,0.5412217001281504,46936.24175342876,A,,,
5.0,5.0,0.3,1.2,0.9383044852261138,3.6016190243597586,-0.2735439923856573,3.430177636302247,0.5412217001281504,46779.88410961307,A,,,
5.0,5.0,0.5,1.2,0.933947342362651,3.573359038707472,-0.27289150354634645,3.4224126813242255,0.5412217001281504,45812.059533086525,A,,,
4.0,5.0,0.2,1.5,0.9083427222531839,3.481258227041196,-0.2722731761221653,3.3361447322509026,0.5433575395130287,40477.02713135574,A,,,
4.0,5.0,0.3,1.5,0.9071764912656708,3.4742599965782395,-0.27167147871927605,3.339240819619036,0.5433575395130287,40247.814865255605,A,,,
5.0,5.0,0.2,1.15,0.89984326708958,3.577602802591747,-0.26433090127625364,3.40423031414382,0.541648868005126,38832.883459898956,A,,,
5.0,5.0,0.3,1.15,0.8991609690969058,3.572747495114267,-0.26348315707583947,3.4125937273405924,0.541648868005126,38703.52035084881,A,,,
5.0,5.0,0.5,1.15,0.8948918175130649,3.54353807537093,-0.26282163178740464,3.404939735846931,0.541648868005126,37902.78689657432,A,,,
5.0,5.0,0.2,1.1,0.8612690069197004,3.5464496020902034,-0.25416888763114576,3.388569761416231,0.5407945322511747,32095.290431734786,A,,,
5.0,5.0,0.3,1.1,0.8606005622488981,3.5414207864913236,-0.25330943329074196,3.3974280036429723,0.5407945322511747,31988.372114417525,A,,,
5.0,5.0,0.5,1.1,0.856418091164838,3.511207072632098,-0.2529429870883066,3.38581472854137,0.5407945322511747,31326.56772381913,A,,,
5.0,5.0,0.2,1.05,0.8232736095252495,3.5123224781231706,-0.24539578428469425,3.354880818042637,0.5412217001281504,26499.082586570596,A,,,
5.0,5.0,0.3,1.05,0.8226188102871097,3.5071108805976667,-0.24507074880360774,3.3566584927127776,0.5412217001281504,26410.806790262115,A,,,
4.0,5.0,0.2,1.3,0.7864951531230315,3.420550036313714,-0.23932972751440543,3.2862409584103665,0.5433575395130287,21928.91348262226,A,,,
5.0,5.0,0.2,1.0,0.7858525571443891,3.474601675477677,-0.23788145678969524,3.3035469336272842,0.5403673643741991,21855.74791462322,A,,,
5.0,5.0,0.3,1.0,0.7852111970721869,3.4691989250586697,-0.23755318461445635,3.305412210518531,0.5403673643741991,21782.9403544075,A,,,
4.0,5.0,0.2,1.25,0.7569436274154135,3.402956020157491,-0.23090704333617418,3.278131392091797,0.5425032037590773,18781.164347274178,A,,,
4.0,5.0,0.3,1.25,0.7558699198063383,3.3947438051581993,-0.2302711436834182,3.2825212387250953,0.5425032037590773,18674.810853820476,A,,,
4.0,5.0,0.2,1.2,0.7277518911946084,3.3838824865549713,-0.22240861274683396,3.2721389797210905,0.5412217001281504,16074.097622664718,A,,,
4.0,5.0,0.3,1.2,0.7266960233094808,3.3753754248307044,-0.22176568644143024,3.276864130652629,0.5412217001281504,15983.073636895035,A,,,
4.0,5.0,0.2,1.15,0.6989177173418999,3.362984187313197,-0.21383392343939608,3.268507195211167,0.541648868005126,13747.63581051586,A,,,
4.0,5.0,0.3,1.15,0.6978794706663463,3.3541635383288266,-0.21318390742928753,3.27360296132029,0.541648868005126,13669.786052740472,A,,,
4.0,5.0,0.2,1.1,0.6704388524349651,3.339851131983611,-0.20652754218069344,3.2462442798471405,0.5407945322511747,11749.661975850431,A,,,
4.0,5.0,0.3,1.1,0.6694180098317277,3.3306981630888743,-0.20644387508471443,3.242615018522741,0.5407945322511747,11683.126292815861,A,,,
4.0,5.0,0.2,1.05,0.6423130176318967,3.3139986514668616,-0.20028464922751993,3.2070007367476285,0.5412217001281504,10034.99684143237,A,,,
4.0,5.0,0.3,1.05,0.6413093633563707,3.3044952016273443,-0.20020032385447184,3.2033382914132877,0.5412217001281504,9978.170919932054,A,,,
4.0,4.0,0.3,1.05,0.6227271852839869,3.3153865395227555,-0.2002003238544718,3.110520369271007,0.5412217001281504,8976.645214490083,A,,,
4.0,5.0,0.2,1.0,0.6145379095453722,3.2848571362919943,-0.1940081891009323,3.1675874734630938,0.5403673643741991,8564.502990307854,A,,,
4.0,5.0,0.3,1.0,0.6135512292606056,3.2749863974191387,-0.19392320191135018,3.163887679314844,0.5403673643741991,8516.004143491406,A,,,
4.0,4.0,0.3,1.0,0.5955828590020091,3.28578668355783,-0.19392320191134996,3.071230534210516,0.5403673643741991,7674.6124767959445,A,,,
3.0,5.0,0.1,1.3,0.5705490558450053,3.146706066281438,-0.18463409763525573,3.0901608270219065,0.5433575395130287,6626.073557357323,A,,,
3.0,5.0,0.2,1.3,0.5703206322989203,3.143256529100844,-0.1837996736634456,3.1029469254838324,0.5433575395130287,6617.126407832378,A,,,
3.0,5.0,0.3,1.3,0.5684297357310462,3.1260183969355815,-0.18349988386197164,3.0977116920608965,0.5433575395130287,6543.474650636706,A,,,
3.0,4.0,0.3,1.3,0.5546112645291739,3.1731746449315383,-0.18349988386197122,3.0224066242262744,0.5433575395130287,6027.063743613724,A,,,
3.0,5.0,0.1,1.25,0.5501761249138879,3.1343492457135684,-0.17795756388253076,3.0916141630094325,0.5425032037590773,5869.207428117326,A,,,
3.0,5.0,0.2,1.25,0.5499506644443839,3.13073840865233,-0.17711630732206904,3.105025577596033,0.5425032037590773,5861.282270631849,A,,,
3.0,5.0,0.3,1.25,0.5480842963081638,3.1128783617388476,-0.17681406272487338,3.099777743136841,0.5425032037590773,5796.043417382674,A,,,
3.0,4.0,0.3,1.25,0.5347468587467847,3.161575604084455,-0.17681406272487335,3.024345747763643,0.5425032037590773,5348.381495524941,A,,,
3.0,5.0,0.1,1.2,0.5299992461261787,3.1206745837942793,-0.17123663428344818,3.095127677228638,0.5412217001281504,5196.641679036988,A,,,
3.0,5.0,0.2,1.2,0.5297767202190706,3.1168910629277846,-0.17038849970079575,3.109228153011294,0.5412217001281504,5189.624683266011,A,,,
3.0,5.0,0.3,1.2,0.5279346444732782,3.098368815309574,-0.17008378398462828,3.1039681273847455,0.5412217001281504,5131.861697711427,A,,,
3.0,5.0,0.1,1.15,0.5100173957824652,3.1053863604922016,-0.16447108744139574,3.100954725335505,0.541648868005126,4599.233939965314,A,,,
3.0,5.0,0.2,1.15,0.5097977760724588,3.1014183682143335,-0.1636160291764414,3.1158180444698327,0.541648868005126,4593.02362047445,A,,,
3.0,5.0,0.3,1.15,0.5079797579083718,3.08219252496602,-0.16348789456544244,3.1071398849352296,0.541648868005126,4541.901087876489,A,,,
3.0,4.0,0.3,1.15,0.4955809737449459,3.1337781253666823,-0.16348789456544216,3.0313007275689823,0.541648868005126,4206.5762849859575,A,,,
3.0,5.0,0.1,1.1,0.49022954337200986,3.0881340930414996,-0.1585741354520314,3.091484887964621,0.5407945322511747,4068.805577572572,A,,,
3.0,5.0,0.2,1.1,0.49001280164368866,3.083969630406433,-0.15832050130203212,3.095068532589336,0.5407945322511747,4063.3114924895585,A,,,
3.0,4.0,0.2,1.1,0.4780573841287772,3.138149722135646,-0.1583205013020317,3.0195545125060965,0.5407945322511747,3770.3204565142805,A,,,
3.0,5.0,0.1,1.05,0.4706346517775648,3.068503971702838,-0.15368489697644463,3.062335083256094,0.5412217001281504,3598.0431519696153,A,,,
3.0,5.0,0.2,1.05,0.470420759966351,3.064131113402208,-0.15342978904497795,3.0660327625715964,0.5412217001281504,3593.1847347185517,A,,,
3.0,5.0,0.1,1.0,0.4512316774782166,3.0460098188480345,-0.14877629885465649,3.0329540454493817,0.5403673643741991,3180.409622433449,A,,,
3.0,5.0,0.2,1.0,0.45102060767130614,3.041417118501789,-0.14851971130607278,3.0367727199646426,0.5403673643741991,3176.115133367459,A,,,
3.0,4.0,0.2,1.0,0.43995902089587635,3.0978178381765944,-0.14851971130607255,2.962293806168257,0.5403673643741991,2958.1654791889814,A,,,
3.0,3.5,0.2,1.0,0.43312660950242865,3.1184579639429777,-0.14851971130607253,2.9162904081454366,0.5403673643741991,2830.3096138499295,A,,,
3.0,3.0,0.2,1.0,0.424259915029394,3.122846030326674,-0.14851971130607247,2.856589952259404,0.5403673643741991,2671.7473535718314,A,,,
2.0,5.0,0.1,1.5,0.40853230099248594,2.9467360958247637,-0.1445154771762872,2.826910369566422,0.5433575395130287,2409.8857028510906,A,,,
2.0,5.0,0.2,1.5,0.40718307629855754,2.9310516623564697,-0.14408125136825511,2.826065656924678,0.5433575395130287,2388.5262023603345,A,,,
2.0,4.0,0.2,1.5,0.4069100931793781,2.9312661949999463,-0.14408125136825448,2.8241710098655686,0.5433575395130287,2384.2252276101453,A,,,
2.0,5.0,0.5,1.4,0.3865314366610215,2.840715184591049,-0.14058203627771051,2.749508023183376,0.5433575395130287,2082.0063442393957,A,,,
2.0,4.0,0.5,1.4,0.3862738482698971,2.840829264924547,-0.14058203627771013,2.747675723709391,0.5433575395130287,2078.4159255809686,A,,,
2.0,3.5,0.5,1.4,0.3848900063175673,2.841523066931803,-0.14058203627771,2.737832062392694,0.5433575395130287,2059.2215267437628,A,,,
2.0,5.0,0.1,1.4,0.38368602527818507,2.939371153430793,-0.1352464613096057,2.8369394774762533,0.5433575395130287,2042.6507120873043,A,,,
2.0,4.0,0.1,1.4,0.3834289655046752,2.9396591625190225,-0.13524646130960544,2.8350388009556258,0.5433575395130287,2039.1281621922883,A,,,
2.0,5.0,0.2,1.4,0.38236060068363864,2.922534709169811,-0.13480753074561663,2.836344517022254,0.5433575395130287,2024.5461194771028,A,,,
2.0,2.5,0.2,1.4,0.3674788878208657,2.989096171162815,-0.13480753074561658,2.7259522208318074,0.5433575395130287,1830.8784128607858,A,,,
2.0,5.0,0.5,1.3,0.3619624198624689,2.81720876676861,-0.13128923953361074,2.75698466339128,0.5433575395130287,1763.4023437358924,A,,,
2.0,5.0,0.1,1.3,0.3591667869959392,2.9294793637128516,-0.12589597155025156,2.8528854622848456,0.5433575395130287,1730.0616155800483,A,,,
2.0,4.0,0.1,1.3,0.3589255129892621,2.929826402981439,-0.12589597155025084,2.8509690069471247,0.5433575395130287,1727.2107239875331,A,,,
2.0,5.0,0.2,1.3,0.35786484923356876,2.9113290187043854,-0.12545229487588486,2.8525970735538895,0.5433575395130287,1714.7275887906148,A,,,
2.0,4.0,0.2,1.3,0.3576238063418238,2.9116569311814477,-0.1254522948758847,2.850675682701829,0.5433575395130287,1711.901965458867,A,,,
2.0,3.0,0.2,1.3,0.35081315776524935,2.951745182720326,-0.12545229487588452,2.796386930285526,0.5433575395130287,1633.7617107112542,A,,,
2.0,5.0,0.1,1.25,0.34702904930590606,2.923161301840732,-0.12119000674370954,2.863512088416637,0.5425032037590773,1591.7354954401228,A,,,
2.0,5.0,0.2,1.25,0.3457387382101078,2.9042870938201313,-0.12074394142137149,2.8634044419963964,0.5425032037590773,1577.6274922863804,A,,,
2.0,3.0,0.2,1.25,0.3389096305184256,2.945798203593212,-0.12074394142137142,2.8068458469125255,0.5425032037590773,1504.8008115815378,A,,,
2.0,5.0,0.1,1.2,0.3349721596527844,2.9156341052197727,-0.11646347255958299,2.876199312032464,0.5412217001281504,1464.1884841318774,A,,,
2.0,4.0,0.1,1.2,0.3347462775833927,2.916038217706389,-0.11646347255958238,2.874259802034818,0.5412217001281504,1461.888616468831,A,,,
2.0,5.0,0.2,1.2,0.3336933977797054,2.895988495281387,-0.11601500814869278,2.8762950854773988,0.5412217001281504,1451.2109663150125,A,,,
2.0,3.5,0.2,1.2,0.3322542373199546,2.898555863581785,-0.11601500814869259,2.863890134749768,0.5412217001281504,1436.728485499756,A,,,
2.0,3.0,0.2,1.2,0.32708426142810043,2.9385453537261745,-0.11601500814869241,2.819327142647681,0.5412217001281504,1385.7600514173662,A,,,
2.0,5.0,0.1,1.15,0.3229958119963452,2.9066237352857414,-0.11171630177607265,2.8912146827395633,0.541648868005126,1346.6030408305858,A,,,
2.0,4.0,0.1,1.15,0.32277747992015415,2.907054654025629,-0.11171630177607246,2.8892603388101685,0.541648868005126,1344.5400253273415,A,,,
2.0,5.0,0.2,1.15,0.321728522195287,2.886157513832067,-0.11149789899583386,2.8855119701162124,0.541648868005126,1334.6677161479931,A,,,
2.0,5.0,0.1,1.1,0.3110996992522652,2.8958047501402966,-0.10791309877216741,2.8828724482194463,0.5407945322511747,1238.2218784363122,A,,,
2.0,5.0,0.1,1.05,0.2992835133167626,2.882792064127026,-0.10450965672678474,2.863692434653834,0.5412217001281504,1138.3436566729806,A,,,
2.0,5.0,0.1,1.0,0.2875469450910426,2.8671321413589124,-0.10109739332155458,2.844256767100402,0.5403673643741991,1046.3189730583208,A,,,
2.0,3.5,0.1,1.0,0.2862940843151689,2.8704787081594456,-0.10109739332155455,2.831864155038796,0.5403673643741991,1036.8989116144758,A,,,
2.0,1.5,0.1,1.0,0.25198081152378404,2.9661774391384297,-0.10102083394139783,2.4943449949141985,0.5403673643741991,806.5873306736282,A,,,
2.0,1.5,0.2,1.0,0.250781546568311,2.9363873890748,-0.1008168107859354,2.4874973192793814,0.5403673643741991,799.4383183926832,A,,,
,4.0,0.2,,0.7846863691613659,3.387405547762774,-0.24070773957453592,3.2599133311971684,0.5378043571123452,21723.52269332277,D,10.0,10.0,
,4.0,0.1,,0.7647313014430852,3.541139857147363,-0.2287644060358336,3.3428771315206176,0.5395130286202477,19568.871461783645,D,8.0,10.0,
,4.0,0.2,,0.7645738042033132,3.539187591491754,-0.228440038325946,3.3469343194225583,0.5378043571123452,19552.65334719971,D,8.0,10.0,
,4.0,0.1,,0.7503041485876487,3.578221786057417,-0.22269654477533513,3.3691773230904167,0.5437847073900043,18132.072293937752,D,7.0,10.0,
,4.0,0.2,,0.749113954961369,3.5710498218222213,-0.2225038050780324,3.366746715628767,0.5420760358821016,18017.855840996246,D,7.0,10.0,
,4.0,0.1,,0.7320168021046747,3.5685098150431043,-0.21660701632469193,3.379469485916321,0.5501922255446391,16446.49226404328,D,6.0,10.0,
,4.0,0.1,,0.7107720994477686,3.512412480718033,-0.21249325461324162,3.3449160574129424,0.5523280649295172,14664.96822752889,D,5.0,10.0,
,3.5,0.1,,0.6886617707951737,3.5491834632273798,-0.20732617423356883,3.3216344889446683,0.5523280649295172,12995.685221773272,D,5.0,10.0,
,3.0,0.1,,0.6691568540123249,3.580640800652553,-0.20599878081855155,3.248353467692285,0.5501922255446391,11666.158983498131,D,6.0,10.0,
,3.0,0.1,,0.6537718112082187,3.564438065778637,-0.19980231155450684,3.2720933312619223,0.551473729175566,10704.560171026385,D,5.0,10.0,
,3.0,0.1,,0.6335568467140436,3.4796545023133785,-0.19727831297260143,3.211487553637149,0.5531824006834686,9548.816369646765,D,4.0,10.0,
,4.0,0.1,,0.6271449698390228,3.239071345935054,-0.19671328973252475,3.1881169324744922,0.5386586928662964,9206.249149572004,D,8.0,8.0,
,4.0,0.2,,0.6270788942735386,3.2371189801983613,-0.19643380253516424,3.192316628708968,0.5378043571123452,9202.776786407976,D,8.0,8.0,
,4.0,0.1,,0.6143701716766838,3.3258990028933577,-0.19042182378524397,3.2263642867403948,0.5360956856044425,8556.240729411784,D,7.0,8.0,
,4.0,0.2,,0.6133500954736724,3.3183101743526318,-0.19027989810337842,3.223409837756174,0.5352413498504912,8506.14782715462,D,7.0,8.0,
,3.5,0.2,,0.5995900963468115,3.314016755507915,-0.19027989810337836,3.1510953197013825,0.5352413498504912,7855.541360320647,D,7.0,8.0,
,4.0,0.1,,0.5980225683352725,3.367583142867784,-0.18410775964893744,3.2482203328941757,0.5454933788979068,7784.318368293223,D,6.0,8.0,
,3.5,0.1,,0.58709633670498,3.380411028127059,-0.1841077596489374,3.188873395800775,0.5446390431439556,7303.665474630483,D,6.0,8.0,
,4.0,0.1,,0.5789320595489937,3.358922159341129,-0.17772356861936003,3.257486128859606,0.5497650576676634,6961.990284365455,D,5.0,8.0,
,3.5,0.1,,0.569729587943077,3.379048504846204,-0.17772356861936,3.205706437075305,0.5497650576676634,6594.025736036035,D,5.0,8.0,
,4.0,0.1,,0.5561376228915493,3.3072986676461618,-0.17564736376991513,3.166216736506492,0.5523280649295172,6082.259964616681,D,4.0,8.0,
,3.5,0.1,,0.5495995311434165,3.319031757457351,-0.17382741146549438,3.1617541014382233,0.552755232806493,5848.958605515589,D,4.0,8.0,
,4.0,0.2,,0.5439903142325615,3.139419697548275,-0.17380757142578288,3.1298424445499453,0.5373771892353695,5655.202789908185,D,7.0,7.0,
,3.5,0.2,,0.5335598175882121,3.146838178370869,-0.17380757142578265,3.0698306938604616,0.5373771892353695,5310.0760606265685,D,7.0,7.0,
,3.0,0.1,,0.5332730695408152,3.361237521916481,-0.17150274822712458,3.109414135070249,0.552755232806493,5300.859586608339,D,4.0,8.0,
,4.0,0.1,,0.5293416004217322,3.22044463731927,-0.1674932565877376,3.160375594849387,0.5382315249893208,5175.928307333466,D,6.0,7.0,
,4.0,0.1,,0.5113359664395696,3.24615052230631,-0.16099314074201537,3.1761351078861404,0.5442118752669799,4636.677762581849,D,5.0,7.0,
,3.0,0.1,,0.4953531458733538,3.3017341002421774,-0.160993140742015,3.076858700875568,0.5437847073900043,4200.627169979859,D,5.0,7.0,
,4.0,0.1,,0.4897763838474638,3.229102947009628,-0.156384643766211,3.1318700612296726,0.5506193934216147,4057.326197569617,D,4.0,7.0,
,3.5,0.1,,0.4861656188018115,3.2547177337146134,-0.15480323438823104,3.1405391542566656,0.5510465612985903,3966.8863368561424,D,4.0,7.0,
,3.0,0.1,,0.47762962997093283,3.2773924646283916,-0.15441115898114063,3.093232594862326,0.5510465612985903,3760.1962455434405,D,4.0,7.0,
,4.0,0.1,,0.46354004052406594,3.031381791083185,-0.15063275013417063,3.0772859163175643,0.5373771892353695,3439.9830687001113,D,6.0,6.0,
,3.5,0.1,,0.45556265152100894,3.058396039453797,-0.15063275013416993,3.024326722543638,0.5373771892353695,3269.6806494724287,D,6.0,6.0,
,4.0,0.1,,0.44657915255964786,3.0977522996045086,-0.1440151996175348,3.1009168042376123,0.5369500213583939,3086.9397550853146,D,5.0,6.0,
,3.5,0.1,,0.4401413621010697,3.135701411767126,-0.1440151996175346,3.0562146444956233,0.5369500213583939,2961.647136153137,D,5.0,6.0,
,4.0,0.1,,0.4262082078638645,3.1268468241366705,-0.13731410801364438,3.1038923387356077,0.5463477146518582,2705.892174254392,D,4.0,6.0,
,3.5,0.1,,0.42216985111353855,3.151640589071896,-0.1373141080136441,3.0744827113583257,0.5463477146518582,2635.5458679809867,D,4.0,6.0,
,4.0,0.1,,0.4024712852602923,3.0877087669883516,-0.13559456241146625,2.9681963502266386,0.5519008970525416,2315.2528293115497,D,3.0,6.0,
,4.0,0.1,,0.39963717788654485,2.7855292698009007,-0.13350166529395754,2.9934995717587722,0.5356685177274669,2272.1518977059623,D,6.0,5.0,
,3.5,0.1,,0.39232646180781927,2.8126727719367595,-0.13350166529395735,2.9387383366638575,0.5356685177274669,2164.2577180885633,D,6.0,5.0,
,2.5,0.1,,0.3890728819132494,3.161406949161113,-0.13227900861488823,2.941304791949118,0.5523280649295172,2117.7283287919317,D,3.0,6.0,
,4.0,0.1,,0.38368599865339426,2.894060033658608,-0.12676498229458266,3.026750698089209,0.5378043571123452,2042.6503469605982,D,5.0,5.0,
,3.5,0.1,,0.3778345947298245,2.934629073466288,-0.12676498229458252,2.980591231826108,0.5378043571123452,1963.7976165392597,D,5.0,5.0,
,4.0,0.1,,0.36446520373149993,2.9793044796233072,-0.11994305866902054,3.03865190512801,0.5378043571123452,1793.7357066938855,D,4.0,5.0,
,3.5,0.1,,0.3608986771439058,3.0055720251758538,-0.11994305866902033,3.008916740566005,0.5378043571123452,1750.649171485939,D,4.0,5.0,
,3.0,0.1,,0.35505475128806485,3.0501493389379792,-0.11994305866901994,2.9601942390666403,0.5378043571123452,1682.043346638687,D,4.0,5.0,
,4.0,0.1,,0.34201464725531827,3.0034277524301003,-0.11369696448983618,3.0081247005138145,0.548910721913712,1537.5326593634072,D,3.0,5.0,
,3.0,0.1,,0.3356768563344026,3.0557716957324317,-0.11369696448983617,2.9523818673664772,0.548910721913712,1471.3842706823539,D,3.0,5.0,
,2.5,0.1,,0.3318468895217739,3.0934496673216043,-0.11351408344500462,2.9233983964866113,0.548910721913712,1432.652773307379,D,3.0,5.0,
,4.0,0.1,,0.3194379182729248,2.6394521631543877,-0.10931765413022819,2.922107328541683,0.5322511747116617,1313.3341186643167,D,5.0,4.0,
,3.0,0.1,,0.31093858832751375,2.6909143408089182,-0.10931765413022808,2.8443584048839763,0.5322511747116617,1236.8091215576023,D,5.0,4.0,
,2.5,0.1,,0.3018979589489863,2.7038962906875894,-0.10931765413022794,2.7616578616784193,0.531824006834686,1159.8009388324333,D,5.0,4.0,
,4.0,0.1,,0.3013408738555079,2.789147269872495,-0.10237376075482754,2.9435362307064397,0.5378043571123452,1155.1988099242956,D,4.0,4.0,
,3.5,0.1,,0.30033088034690536,2.7915817921985346,-0.10237376075482739,2.933670484824339,0.5378043571123452,1146.8967009340922,D,4.0,4.0,
,3.0,0.1,,0.29610758145510974,2.8320111247231154,-0.1023737607548272,2.892416760621422,0.5378043571123452,1112.7551286974337,D,4.0,4.0,
,4.0,0.1,,0.28014012766305063,2.898742932501117,-0.09583067211516974,2.9232825094493435,0.5442118752669799,991.7180782495784,D,3.0,4.0,
,2.5,0.1,,0.27375533021089327,2.9575564424067227,-0.09583067211516944,2.8566566858875175,0.5442118752669799,946.7072717800069,D,3.0,4.0,
,4.0,0.1,,0.2583603313703744,2.8830550597897204,-0.09236496723511932,2.7971680075705128,0.5480563861597608,845.5843633551063,D,2.0,4.0,
,4.0,0.2,,0.25680674733355513,2.284156019120027,-0.09200544805122496,2.7912123985372626,0.5292609995728321,835.9357227189311,D,5.0,3.0,
,4.0,0.1,,0.2564735504135929,2.2892452670297274,-0.09153926444813786,2.8017873200073566,0.5271251601879539,833.8792211235055,D,5.0,3.0,
,2.0,0.1,,0.2501209840699805,2.9717558564472064,-0.09138396508412486,2.737033612403751,0.5480563861597608,795.5247961768058,D,2.0,4.0,
,4.0,0.3,,0.24092135825795857,2.455330109958508,-0.08791693415951346,2.7403293866098557,0.5352413498504912,742.7700965466053,D,4.0,3.0,
,3.5,0.3,,0.24045050928144263,2.456232200269115,-0.08791693415951336,2.734973774735795,0.5352413498504912,740.1560715642563,D,4.0,3.0,
,4.0,0.1,,0.23945818866631075,2.4933752890304284,-0.08447125016579594,2.8347892116704108,0.5296881674498077,734.6738427786321,D,4.0,3.0,
,3.5,0.1,,0.23898789486752636,2.494522798146902,-0.08447125016579543,2.8292217103269377,0.5296881674498077,732.0883108787486,D,4.0,3.0,
,4.0,0.3,,0.21990853433780222,2.6216657691385667,-0.08205204662596757,2.6801102882936045,0.5382315249893208,633.8010130557576,D,3.0,3.0,
,4.0,0.1,,0.2194557849584866,2.7056746778875542,-0.07781203494259513,2.820332164817273,0.5378043571123452,631.6192056410345,D,3.0,3.0,
,2.5,0.1,,0.21804600006931696,2.7153951562197696,-0.07781203494259498,2.8022143390823557,0.5378043571123452,624.8682878207862,D,3.0,3.0,
,3.5,0.3,,0.1989500256626593,2.68857292886107,-0.07737782969255708,2.5711502435922697,0.5412217001281504,539.5566247808163,D,2.0,3.0,
,4.0,0.1,,0.19889273849390898,2.8244573482090303,-0.07130240369918314,2.7894254355437327,0.5433575395130287,539.3171784582718,D,2.0,3.0,
,4.0,0.3,,0.18719685728414714,2.059472071199741,-0.07125382022823495,2.627183450438616,0.5331055104656129,492.3711303795468,D,4.0,2.0,
,2.5,0.3,,0.18171282814009615,2.0841336055738484,-0.07033714663320936,2.5834546443529067,0.5331055104656129,471.64256912084977,D,4.0,2.0,
,4.0,0.3,,0.16725197632053823,2.2754905886992143,-0.06437416772986011,2.5981225422966983,0.5365228534814181,420.6665487183174,D,3.0,2.0,
,2.5,0.3,,0.16641146903993476,2.280416291807634,-0.06437416772985999,2.585065949718597,0.5365228534814181,417.86098681326234,D,3.0,2.0,
,4.0,0.2,,0.16224083595144512,2.2884771697016904,-0.061527814110771954,2.63686981727246,0.5335326783425887,404.18512258168346,D,3.0,2.0,
,2.5,0.2,,0.16140393706050427,2.294377280411214,-0.06152781411077181,2.6232678568739685,0.5335326783425887,401.4894806630202,D,3.0,2.0,
,4.0,0.1,,0.16128155155271662,2.310760717100871,-0.059466738154100855,2.7121304540830034,0.5309696710807348,401.0966258632543,D,3.0,2.0,
,2.5,0.1,,0.16044534341710337,2.3172322689051703,-0.059466738154100765,2.6980686749848113,0.5309696710807348,398.4215821327838,D,3.0,2.0,
,2.0,0.1,,0.15797617680650733,2.3467604590557096,-0.05946673815410076,2.6565468648563075,0.5309696710807348,390.6153369519605,D,3.0,2.0,
,3.0,0.2,,0.14258643922421999,2.5497918121945915,-0.05531874065409047,2.5775431171836813,0.5382315249893208,344.961827143696,D,2.0,2.0,
,2.0,0.2,,0.1425573926483783,2.549933919421315,-0.05531874065409025,2.577018040591234,0.5382315249893208,344.880369465132,D,2.0,2.0,
,2.5,0.1,,0.14187560405181654,2.6158638091842255,-0.05284198603907014,2.68490294719273,0.5373771892353695,342.97329725248636,D,2.0,2.0,
,2.0,0.1,,0.1418465755466669,2.616050149205157,-0.052841986039069845,2.6843536017323353,0.5373771892353695,342.89230913610595,D,2.0,2.0,
8.0,4.0,0.3,1.5,2.1254094347637773,4.380864797214443,-0.4535435080664041,4.6862305312781425,0.5433575395130287,3958477.335241899,E,,,0.015
7.0,4.0,0.3,1.5,2.0722840427282065,4.40643027843986,-0.4507576959488394,4.5973348017188576,0.5433575395130287,3375680.4825592064,E,,,0.015
8.0,4.0,0.3,1.5,2.004051237140568,4.384912609970015,-0.44558703277720907,4.497552867842503,0.5433575395130287,2739993.268037999,E,,,0.012
6.0,4.0,0.2,1.5,1.9761487825390627,4.401844256551264,-0.43936696412091614,4.497718180730621,0.5433575395130287,2512471.9692006903,E,,,0.015
6.0,4.0,0.3,1.5,1.9754491321213883,4.397778092119368,-0.43798088818100084,4.510354642015819,0.5433575395130287,2506990.39346106,E,,,0.015
8.0,4.0,0.3,1.4,1.9643211209569067,4.282009997767331,-0.4323009799301748,4.543873856761055,0.5433575395130287,2421228.292493698,E,,,0.015
8.0,4.0,0.2,1.4,1.9617651702668737,4.277965177795255,-0.43230097993017463,4.537961423505768,0.5433575395130287,2401903.6167436372,E,,,0.015
7.0,4.0,0.3,1.5,1.9159340086667123,4.372124616348479,-0.42908866334503726,4.46512381317816,0.5433575395130287,2077960.0894716121,E,,,0.012
7.0,4.0,0.3,1.4,1.9139707168361335,4.311580972346833,-0.4282305448795326,4.4694866812327945,0.5433575395130287,2064999.2376855828,E,,,0.015
8.0,4.0,0.3,1.5,1.8517369305647011,4.340499378589675,-0.4133453589880269,4.4798783639381305,0.5433575395130287,1689749.7969958764,E,,,0.01
5.0,4.0,0.2,1.5,1.8433080781589992,4.353109922150744,-0.4125964067757724,4.46758151037596,0.5433575395130287,1643917.9429463467,E,,,0.015
5.0,4.0,0.3,1.5,1.8402057211666447,4.342232776177614,-0.411252684698217,4.474635156526731,0.5433575395130287,1627330.2669362193,E,,,0.015
6.0,4.0,0.2,1.5,1.795931191478843,4.315173636534412,-0.40725626148846333,4.409830765805715,0.5433575395130287,1406336.4610849004,E,,,0.012
6.0,4.0,0.3,1.5,1.7949669842029223,4.310960355571631,-0.40608321607603853,4.42019495793891,0.5433575395130287,1401837.4886369298,E,,,0.012
7.0,4.0,0.2,1.5,1.7499407757674321,4.298583894926605,-0.39453849604069724,4.435411989776843,0.5433575395130287,1205519.854975281,E,,,0.01
7.0,4.0,0.3,1.5,1.749839851886919,4.297136444425763,-0.39377809176290557,4.443720685559369,0.5433575395130287,1205108.9136873302,E,,,0.01
8.0,4.0,0.3,1.4,1.710791329972969,4.258676420349001,-0.39213545798870125,4.362756019942125,0.5433575395130287,1055176.6356333601,E,,,0.01
5.0,4.0,0.2,1.4,1.702408361521182,4.270360577712509,-0.39153063933572646,4.348084646477475,0.5433575395130287,1025249.3510084323,E,,,0.015
5.0,4.0,0.3,1.4,1.6994597413765824,4.259041258744099,-0.3901387280112609,4.356039581201304,0.5433575395130287,1014904.245805894,E,,,0.015
6.0,4.0,0.2,1.4,1.6591504553670533,4.235620306904147,-0.386383048883363,4.294056015557502,0.5433575395130287,882524.5586162833,E,,,0.012
6.0,4.0,0.3,1.4,1.6582334184154104,4.231179716190647,-0.3851686951876142,4.305213375681248,0.5433575395130287,879701.2984763753,E,,,0.012
4.0,4.0,0.2,1.5,1.6243181771029662,4.2098502643454845,-0.3822069380271855,4.249839590791081,0.5433575395130287,780782.6559691057,E,,,0.015
4.0,4.0,0.3,1.5,1.6216408162084472,4.197273591489858,-0.3811511718148252,4.254586988378169,0.5433575395130287,773414.0444021712,E,,,0.015
7.0,4.0,0.2,1.4,1.6172868970094547,4.222317979460311,-0.37395245930737187,4.324846265231053,0.5433575395130287,761563.6617089354,E,,,0.01
7.0,4.0,0.3,1.4,1.6171908415771377,4.220736257854131,-0.3731662008500949,4.333701278125083,0.5433575395130287,761304.0575632979,E,,,0.01
6.0,4.0,0.3,1.5,1.610543977810385,4.204887083369779,-0.3728712777802818,4.319302863438612,0.5433575395130287,743530.5594483857,E,,,0.01
8.0,4.0,0.3,1.3,1.5746744458414907,4.170803975690292,-0.3703181542798446,4.252220496464048,0.5433575395130287,653852.8012523386,E,,,0.01
5.0,4.0,0.2,1.3,1.566416194024511,4.181954556181079,-0.369861031860892,4.235147958527445,0.5433575395130287,634627.2163456819,E,,,0.015
5.0,4.0,0.3,1.3,1.563615956060155,4.170134622455839,-0.3684195499680609,4.244117762468654,0.5433575395130287,628223.6177371774,E,,,0.015
6.0,4.0,0.2,1.3,1.5270819076646882,4.150605021869839,-0.3649200438583072,4.184702740684835,0.5433575395130287,549801.1615536688,E,,,0.012
6.0,4.0,0.3,1.3,1.5262104159879106,4.145906446115005,-0.36366321467450924,4.196768753072592,0.5433575395130287,548042.3077188025,E,,,0.012
4.0,4.0,0.2,1.4,1.5023375099759484,4.1405414381607795,-0.36190587662246054,4.151182965020443,0.5433575395130287,501772.4611388269,E,,,0.015
4.0,4.0,0.3,1.4,1.4997845952217248,4.127243061455631,-0.36081541728059585,4.156653300807779,0.5433575395130287,497036.9994417033,E,,,0.015
6.0,4.0,0.2,1.4,1.491460667052134,4.143262296091806,-0.3538324844523691,4.215160372741034,0.5433575395130287,481872.4859733337,E,,,0.01
6.0,4.0,0.3,1.4,1.4898498547968155,4.136946206868658,-0.35276643315325645,4.223332252673719,0.5433575395130287,478986.06049859,E,,,0.01
7.0,4.0,0.3,1.3,1.4890560579828493,4.138935428043099,-0.3519911398011901,4.2303793749578205,0.5433575395130287,477569.3336766242,E,,,0.01
8.0,4.0,0.3,1.2,1.4433512110095323,4.074372125469974,-0.3478812727014606,4.148976459127092,0.5412217001281504,402036.8102547148,E,,,0.01
5.0,4.0,0.2,1.2,1.43528561390346,4.085452760720968,-0.3475751981417375,4.129424716081628,0.5412217001281504,389875.44801534945,E,,,0.015
5.0,4.0,0.3,1.2,1.4326284536010956,4.073074179836319,-0.34608273602486517,4.139554807201261,0.5412217001281504,385941.4757366646,E,,,0.015
5.0,4.0,0.2,1.5,1.4188684929484712,4.0493035721484745,-0.3365265982034551,4.216215005063763,0.5433575395130287,366130.65436100046,E,,,0.01
5.0,4.0,0.3,1.5,1.4159489498083175,4.0385828596729905,-0.3355126983513566,4.22025442484297,0.5433575395130287,362045.88191756106,E,,,0.01
8.0,4.0,0.2,1.5,1.410213963848689,4.052908508331866,-0.3295586053982373,4.2790991973782395,0.5433575395130287,354140.1935563193,E,,,0.007
8.0,4.0,0.3,1.5,1.4092256570984207,4.048935536943671,-0.3288614782349424,4.285164880550874,0.5433575395130287,352793.4830678532,E,,,0.007
4.0,4.0,0.2,1.5,1.3795295055598138,4.0149266179582455,-0.3256516692761643,4.236211988798139,0.5433575395130287,314400.1504203002,E,,,0.012
4.0,4.0,0.3,1.5,1.3769514010967612,4.00293960474911,-0.32472773765491963,4.24032579120178,0.5433575395130287,311249.9115197251,E,,,0.012
5.0,4.0,0.2,1.4,1.314436778542659,3.993180099043044,-0.3177702699526024,4.136437240459015,0.5433575395130287,242986.05202817247,E,,,0.01
5.0,4.0,0.3,1.4,1.311643283137756,3.982033458725313,-0.3167277072507382,4.141233157411741,0.5433575395130287,240275.1543809993,E,,,0.01
3.0,4.0,0.1,1.5,1.307905303592094,3.9479472394310346,-0.3105839501372498,4.211116843011749,0.5433575395130287,236689.92658725515,E,,,0.015
8.0,4.0,0.3,1.4,1.3065850565141237,3.992314629470425,-0.31026170821347887,4.211235295639879,0.5433575395130287,235435.08661635133,E,,,0.007
3.0,4.0,0.2,1.5,1.3065388261215567,3.940557717926454,-0.3091668613457179,4.225998932856369,0.5433575395130287,235391.2543337519,E,,,0.015
7.0,4.0,0.3,1.5,1.3026400406755299,3.9725094950602826,-0.30908226924780074,4.214541467699537,0.5433575395130287,231720.8078669867,E,,,0.007
3.0,4.0,0.3,1.5,1.3025325931018212,3.9175009549939275,-0.3083293491705709,4.224484618819881,0.5433575395130287,231620.3804084984,E,,,0.015
4.0,4.0,0.2,1.4,1.2784470361303044,3.9606835170642563,-0.3072487119264384,4.160951654164756,0.5433575395130287,210064.27238940186,E,,,0.012
4.0,4.0,0.3,1.4,1.2759784496055504,3.9480322250945705,-0.3062995662230273,4.16578601576101,0.5433575395130287,207959.46219253115,E,,,0.012
8.0,3.5,0.3,1.5,1.2490022883936764,3.884419076019386,-0.3060338458912584,4.0812554074083645,0.5433575395130287,186154.87049283335,E,,,0.007
5.0,4.0,0.2,1.3,1.2132778153282242,3.933129425755316,-0.29857826196397436,4.0635169062462255,0.5433575395130287,160425.81820969546,E,,,0.01
3.0,4.0,0.1,1.4,1.2128660651173049,3.898110149427164,-0.2928020067280373,4.142273745561617,0.5433575395130287,160148.78095375668,E,,,0.015
3.0,4.0,0.2,1.4,1.2115558590102378,3.8902492897772603,-0.2913483673039784,4.158443962536988,0.5433575395130287,159270.0752933352,E,,,0.015
7.0,4.0,0.3,1.4,1.2082656482703036,3.920648172063345,-0.2911974472387302,4.149300276247753,0.5433575395130287,157082.3930478047,E,,,0.007
3.0,4.0,0.3,1.4,1.2077146021421479,3.8656548468793517,-0.29048925337745596,4.1575190410671325,0.5433575395130287,156718.63226841652,E,,,0.015
4.0,4.0,0.2,1.3,1.1804941841886718,3.9026337040184687,-0.28843266120405775,4.09278955878546,0.5433575395130287,139658.65225656924,E,,,0.012
4.0,4.0,0.3,1.3,1.1781317248139156,3.8892194556025688,-0.28745773543497866,4.098451979492486,0.5433575395130287,138259.2950407649,E,,,0.012
6.0,4.0,0.2,1.5,1.1722256434634866,3.856808710236718,-0.28434500703710297,4.122546956875271,0.5433575395130287,134815.52407853093,E,,,0.007
4.0,4.0,0.1,1.5,1.1693620452959577,3.809847526778303,-0.27939503692469575,4.185335781791755,0.5433575395130287,133173.5132063469,E,,,0.01
4.0,4.0,0.2,1.5,1.1688756810464445,3.807026140978587,-0.2783694901121756,4.199007874661186,0.5433575395130287,132896.40792937804,E,,,0.01
4.0,4.0,0.3,1.5,1.1656836677719369,3.7925772660458628,-0.2777811852119749,4.196409727614933,0.5433575395130287,131090.49712590378,E,,,0.01
3.0,4.0,0.1,1.3,1.1206901199623789,3.8447181969236945,-0.2746422520596609,4.08054518763169,0.5433575395130287,107862.29728034721,E,,,0.015
3.0,4.0,0.2,1.3,1.1194344899040702,3.836314123020258,-0.2731512854152645,4.0982215705198834,0.5433575395130287,107270.47753247348,E,,,0.015
7.0,4.0,0.3,1.3,1.1166957092392402,3.864483143066771,-0.2729329947350448,4.091464684668466,0.5433575395130287,105989.6421585114,E,,,0.007
3.0,4.0,0.3,1.3,1.1157532388709384,3.8099491713453406,-0.27227011076701235,4.097964465242803,0.5433575395130287,105552.0473052268,E,,,0.015
8.0,4.0,0.3,1.2,1.1106281751092033,3.8623553387642113,-0.27179664361999717,4.086246836300115,0.5412217001281504,103200.54623611803,E,,,0.007
6.0,4.0,0.2,1.4,1.0883195692047467,3.811882468649799,-0.26754937792626465,4.0677335063910425,0.5433575395130287,93500.13085325214,E,,,0.007
4.0,4.0,0.1,1.4,1.0857970897208973,3.7679959066710254,-0.26287113441584636,4.130529934881444,0.5433575395130287,92456.20320635995,E,,,0.01
4.0,4.0,0.2,1.4,1.0853294604755264,3.764987059095416,-0.26182207120194645,4.145293998680497,0.5433575395130287,92263.82184478038,E,,,0.01
4.0,4.0,0.3,1.4,1.0822604052144382,3.749806546735808,-0.26122027611875387,4.143094943833646,0.5433575395130287,91010.06160223194,E,,,0.01
3.0,4.0,0.1,1.5,1.0579081693765464,3.7147360312932487,-0.25318992540890317,4.178318579098353,0.5433575395130287,81588.31388731666,E,,,0.012
3.0,4.0,0.2,1.5,1.0565569428642592,3.707242165032162,-0.251960992080114,4.193335381566977,0.5433575395130287,81092.0081014309,E,,,0.012
3.0,4.0,0.3,1.5,1.053125217659988,3.6859461144371077,-0.25141056027786374,4.188866277120794,0.5433575395130287,79843.62253662403,E,,,0.012
6.0,4.0,0.2,1.3,1.0067953831673093,3.763181487089373,-0.250428974552603,4.0202831360307725,0.5433575395130287,64588.872493958595,E,,,0.007
4.0,4.0,0.1,1.3,1.0045990905323445,3.72292059553975,-0.24603451214628533,4.08316330001312,0.5433575395130287,63935.17563112339,E,,,0.01
4.0,4.0,0.2,1.3,1.0041496656268287,3.7196952336367883,-0.24496148747612645,4.099214435594458,0.5433575395130287,63802.14035913369,E,,,0.01
4.0,4.0,0.3,1.3,1.0012000856243013,3.7036753609932944,-0.244345946904225,4.097469584861731,0.5433575395130287,62935.14194770477,E,,,0.01
3.0,4.0,0.1,1.4,0.9836204821536725,3.67778513859587,-0.2377478711416963,4.137242017899881,0.5433575395130287,57982.350136431174,E,,,0.012
3.0,4.0,0.2,1.4,0.9823180330815093,3.6698347214737397,-0.23649352672674281,4.153678312795985,0.5433575395130287,57629.64060634198,E,,,0.012
3.0,4.0,0.3,1.4,0.9790101884917386,3.6471099137048597,-0.2359317134527509,4.149548927375552,0.5433575395130287,56742.45069549409,E,,,0.012
3.0,4.0,0.2,1.1,0.9436207076403889,3.708251862831701,-0.23559671962857923,4.005237038648149,0.5407945322511747,47985.42818582714,E,,,0.015
7.0,4.0,0.3,1.1,0.9418357379750752,3.729265057006985,-0.2352408673835788,4.003707980039615,0.5407945322511747,47577.60025487848,E,,,0.007
3.0,4.0,0.3,1.1,0.9402448280026356,3.6775746704819032,-0.2346700167560439,4.006667920342319,0.5407945322511747,47216.720782273806,E,,,0.015
8.0,4.0,0.2,1.0,0.927671443131022,3.6946814815953495,-0.2323954303754941,3.9917800519232767,0.5403673643741991,44449.43147842883,E,,,0.007
5.0,4.0,0.1,1.4,0.9268983105120083,3.6535960533810923,-0.2320685424222177,3.99407132409028,0.5433575395130287,44284.09594149104,E,,,0.007
8.0,4.0,0.3,1.0,0.9268810026439445,3.6895736399979335,-0.23159727262380586,4.002123998020996,0.5403673643741991,44280.40091746024,E,,,0.007
5.0,4.0,0.2,1.4,0.9263304761711599,3.650244078541279,-0.23128193128975666,4.005200367384629,0.5433575395130287,44163.0135175022,E,,,0.007
4.0,4.0,0.1,1.2,0.9257363438365487,3.6726112700421805,-0.22888063798863592,4.0446249712153985,0.5412217001281504,44036.639778862256,E,,,0.01
4.0,4.0,0.2,1.2,0.9253045997145097,3.669137155140314,-0.22778320035733202,4.062216169862175,0.5412217001281504,43945.00905613887,E,,,0.01
4.0,4.0,0.3,1.2,0.9224710588649958,3.652160210454918,-0.22715365529095485,4.0610002849543765,0.5412217001281504,43347.84644016007,E,,,0.01
3.0,4.0,0.1,1.3,0.9113187016023758,3.637734614137482,-0.22204183459217253,4.1042657717011215,0.5433575395130287,41067.21697719311,E,,,0.012
3.0,4.0,0.2,1.3,0.9100637260201487,3.6292588132399333,-0.22076164468793616,4.122381527400718,0.5433575395130287,40817.40304643652,E,,,0.012
3.0,4.0,0.3,1.3,0.9068764503878874,3.604888111388667,-0.22018825537567435,4.118641336435585,0.5433575395130287,40189.03216317574,E,,,0.012
2.0,4.0,0.1,1.5,0.8821890088115556,3.5757392276227766,-0.21214849563293872,4.158356184330089,0.5433575395130287,35606.906145239045,E,,,0.015
2.0,4.0,0.3,1.5,0.8817552044980699,3.536857538902383,-0.2113624784559687,4.171767907622063,0.5433575395130287,35530.74194262828,E,,,0.015
2.0,4.0,0.2,1.5,0.8795299589546359,3.5553352325597967,-0.2110773576491909,4.166860760197731,0.5433575395130287,35142.330334156955,E,,,0.015
4.0,4.0,0.2,1.1,0.8487614164173005,3.610429629248882,-0.21028263193699845,4.036288725317044,0.5407945322511747,30146.61451024763,E,,,0.01
4.0,4.0,0.3,1.1,0.8460405269563822,3.5923737561637807,-0.20963881963826764,4.035705450050842,0.5407945322511747,29736.956358605516,E,,,0.01
3.0,4.0,0.1,1.2,0.8409764426473805,3.5926521954556647,-0.20606835183968886,4.0810558008520355,0.5412217001281504,28987.711214133196,E,,,0.012
3.0,4.0,0.2,1.2,0.8397676539293912,3.583574778359995,-0.20476187634290502,4.101191437233521,0.5412217001281504,28811.37751988594,E,,,0.012
3.0,4.0,0.3,1.2,0.8366976795968541,3.557317646615666,-0.2041767138727823,4.0979094223163015,0.5412217001281504,28367.835565011046,E,,,0.012
2.0,4.0,0.1,1.4,0.8223633710578595,3.5473780700046227,-0.1984738290763414,4.14343480389822,0.5433575395130287,26376.441341459024,E,,,0.015
2.0,4.0,0.3,1.4,0.8219433552744282,3.503936355258238,-0.19767416907106755,4.158071634432541,0.5433575395130287,26320.02137016798,E,,,0.015
2.0,4.0,0.2,1.4,0.8197888394681097,3.5254749150128712,-0.19738409944850505,4.1532668627240765,0.5433575395130287,26032.298646789655,E,,,0.015
6.0,4.0,0.2,1.0,0.776202949010147,3.568303970015734,-0.1970710453491663,3.938696055703602,0.5403673643741991,20782.93729052776,E,,,0.007
4.0,4.0,0.1,1.0,0.7748841253190579,3.5435765020705774,-0.19360280929585355,4.002442568562738,0.5403673643741991,20640.02625865034,E,,,0.01
4.0,4.0,0.2,1.0,0.7744862017970464,3.5395044684349064,-0.19245516514832728,4.024242223897402,0.5403673643741991,20597.07882822415,E,,,0.01
3.0,4.0,0.1,1.1,0.7725665772188348,3.5397676165359906,-0.18982393161787506,4.069911368046308,0.5407945322511747,20391.01411933792,E,,,0.012
3.0,4.0,0.2,1.1,0.7714027065517315,3.530008179203363,-0.18849072468013078,4.092523427138411,0.5407945322511747,20266.974562625513,E,,,0.012
3.0,4.0,0.3,1.1,0.768446811099343,3.5016112207089414,-0.187893589359342,4.089797920831172,0.5407945322511747,19954.97096228731,E,,,0.012
2.0,4.0,0.1,1.3,0.7639593410965175,3.5160579307404016,-0.184602366341538,4.138404919919038,0.5433575395130287,19489.494265260724,E,,,0.015
2.0,4.0,0.3,1.3,0.7635527861929463,3.4673254281245933,-0.18378886716997542,4.1545105421798025,0.5433575395130287,19447.80567305496,E,,,0.015
2.0,4.0,0.2,1.3,0.7614673194070944,3.4924278613415494,-0.18349377751175341,4.149826385029977,0.5433575395130287,19235.207988072667,E,,,0.015
2.0,4.0,0.1,1.2,0.7069590732359838,3.479939386713325,-0.17053192435127607,4.145611303721231,0.5412217001281504,14364.117714891341,E,,,0.015
2.0,4.0,0.3,1.2,0.7065656556751294,3.42509745990008,-0.16970438749744676,4.163508475499844,0.5412217001281504,14333.392451441065,E,,,0.015
2.0,4.0,0.2,1.2,0.7045475782914243,3.454328490847809,-0.1694042057936425,4.158973356007818,0.5412217001281504,14176.704025798215,E,,,0.015
5.0,4.0,0.1,1.0,0.6669694248648168,3.458132567427332,-0.16906705722640514,3.9449993145125175,0.5403673643741991,11524.902721557279,E,,,0.007
5.0,4.0,0.2,1.0,0.6664781885191204,3.453778627136119,-0.1682159121187734,3.9620400955204254,0.5403673643741991,11493.391111619298,E,,,0.007
2.0,4.0,0.1,1.1,0.6513443872518596,3.436386067334364,-0.15626030527451143,4.16832916144382,0.5407945322511747,10559.483039714105,E,,,0.015
2.0,4.0,0.3,1.1,0.6509637876867336,3.374561650688879,-0.1556763253078789,4.181520770093536,0.5407945322511747,10536.895999929768,E,,,0.015
2.0,4.0,0.2,1.1,0.6490114615806928,3.408524072168461,-0.15511318347502617,4.18411541199002,0.5407945322511747,10421.709755571712,E,,,0.015
2.0,4.0,0.1,1.3,0.6057194640869226,3.355537760033009,-0.1477402266494508,4.099895321834977,0.5433575395130287,8139.6542766210205,E,,,0.012
2.0,4.0,0.3,1.3,0.6047502367757065,3.307686255466604,-0.1472567708440689,4.106773721230653,0.5433575395130287,8094.126494733589,E,,,0.012
2.0,4.0,0.2,1.3,0.6034799811221678,3.3320159238871714,-0.14694639731158823,4.106803515859842,0.5433575395130287,8034.802542066406,E,,,0.012
2.0,4.0,0.1,1.0,0.5970967922878234,3.3816702494833293,-0.14516747901650845,4.113158100788687,0.5403673643741991,7742.5255290622135,E,,,0.015
3.0,4.0,0.2,1.0,0.5932313798586222,3.3794259032828893,-0.14512803780753952,4.087641429048546,0.5403673643741991,7570.181908838248,E,,,0.01
3.0,3.5,0.2,1.0,0.5699022800003497,3.3425036848469563,-0.1451280378075393,3.926893029147974,0.5403673643741991,6600.767865246955,E,,,0.01
2.0,4.0,0.1,1.5,0.5678980492090693,3.254264744650659,-0.14425482537558482,3.9367698635416755,0.5433575395130287,6522.897286632066,E,,,0.01
2.0,4.0,0.2,1.5,0.5653415466770098,3.230984557711432,-0.14403444400236665,3.92504411422396,0.5433575395130287,6424.759456673334,E,,,0.01
2.0,4.0,0.1,1.2,0.5624508080959039,3.32993923355839,-0.13587886803979748,4.139354531060474,0.5412217001281504,6315.3800871764315,E,,,0.012
2.0,4.0,0.3,1.2,0.5615076981507927,3.276340129666103,-0.13538868371940255,4.147375413698058,0.5412217001281504,6280.056074955023,E,,,0.012
2.0,4.0,0.2,1.2,0.5602716715491667,3.304467380414755,-0.1350739905511877,4.1478871636419585,0.5412217001281504,6234.027914957729,E,,,0.012
2.0,4.0,0.1,1.4,0.5321758701175552,3.2429725320258362,-0.13434473774861788,3.961270675992891,0.5433575395130287,5265.725761081101,E,,,0.01
2.0,4.0,0.2,1.4,0.5296776136183579,3.2180477007358848,-0.1341218042152658,3.9492282162281693,0.5433575395130287,5186.502238673467,E,,,0.01
2.0,3.5,0.2,1.4,0.5222159455482656,3.2264996461722846,-0.13412180421526532,3.8935946962815207,0.5433575395130287,4956.174525177667,E,,,0.01
2.0,4.0,0.1,1.1,0.5200613747959497,3.2974454467245042,-0.12502357076759257,4.159706618543926,0.5407945322511747,4891.387896313632,E,,,0.012
2.0,4.0,0.1,1.3,0.4970640171187146,3.2291963878036114,-0.12433930907667512,3.997641782070664,0.5433575395130287,4245.486101830104,E,,,0.01
2.0,4.0,0.2,1.3,0.4946230114982604,3.202389150264456,-0.12411379882986205,3.9852378717075654,0.5433575395130287,4181.612216523441,E,,,0.01
2.0,3.5,0.2,1.3,0.4876293475718807,3.210715931377142,-0.12411379882986184,3.9288890692994953,0.5433575395130287,4003.329625238862,E,,,0.01
3.0,4.0,0.1,1.2,0.4807334306567326,3.2661037048905293,-0.12017250472494072,4.000361245337018,0.5412217001281504,3834.2118973939578,E,,,0.007
2.0,4.0,0.1,1.0,0.47854119156941866,3.2545874110139534,-0.11757155471460647,4.070212329257965,0.5403673643741991,3781.800662184164,E,,,0.012
2.0,4.0,0.1,1.2,0.46255684509388173,3.21132987918657,-0.11423783114507198,4.049068863242644,0.5412217001281504,3418.5747071983697,E,,,0.01
2.0,4.0,0.2,1.2,0.46017210440257994,3.1823739648084253,-0.11400971944908507,4.036253282844762,0.5412217001281504,3367.1418103468986,E,,,0.01
3.0,4.0,0.1,1.1,0.44520636343691655,3.2416214442678504,-0.11031242573233059,4.035867768126094,0.5407945322511747,3059.832660259295,E,,,0.007
3.0,3.5,0.1,1.1,0.4354855111962712,3.243524314403778,-0.11031242573233038,3.9477466686569205,0.5407945322511747,2873.8833444980205,E,,,0.007
2.0,4.0,0.1,1.1,0.42864864140044223,3.1870550351328832,-0.10509662312229989,4.078614789569671,0.5407945322511747,2749.211079547818,E,,,0.01
3.0,4.0,0.1,1.0,0.41032212729355355,3.206965946580397,-0.10371195850881132,3.956362729942013,0.5403673643741991,2438.4833168079736,E,,,0.007
2.0,4.0,0.1,1.0,0.39533362966314956,3.1530700963077347,-0.09878304581457695,4.002039281165919,0.5403673643741991,2208.0721592814084,E,,,0.01
2.0,3.5,0.1,1.0,0.3896678193714471,3.1607238660025083,-0.09878304581457661,3.944683180784723,0.5403673643741991,2126.169223630619,E,,,0.01
2.0,4.0,0.1,1.4,0.3576899049355218,3.0503691496228336,-0.09561486333832164,3.7409445817004334,0.5433575395130287,1712.6763919136642,E,,,0.007
3.0,4.0,0.1,1.3,0.3534119570795742,3.1098776483485535,-0.09445467034560998,3.7416038379726335,0.5433575395130287,1663.194577155661,E,,,0.005
2.0,4.0,0.1,1.3,0.3351723307068071,3.0458588165444063,-0.08836024179912617,3.7932482288671343,0.5433575395130287,1466.229267249284,E,,,0.007
2.0,3.5,0.1,1.3,0.3337428098410018,3.049451368126535,-0.08836024179912616,3.777069902091444,0.5433575395130287,1451.7105118561294,E,,,0.007
3.0,4.0,0.1,1.2,0.3297770752987925,3.1034818785944007,-0.08667206753797024,3.804882987870575,0.5412217001281504,1412.1022470941587,E,,,0.005
3.0,3.5,0.1,1.2,0.32506588221065025,3.114084673020282,-0.08667206753796983,3.7505264549993966,0.5412217001281504,1366.3039015825225,E,,,0.005
2.0,4.0,0.1,1.2,0.3129362473885615,3.0375852257376867,-0.0810572948914114,3.860679631707267,0.5412217001281504,1254.4283586530564,E,,,0.007
2.0,3.5,0.1,1.2,0.3115963994597668,3.0416353338928093,-0.08105729489141042,3.844149991400545,0.5412217001281504,1242.58643382804,E,,,0.007
3.0,4.0,0.1,1.1,0.3064525026580953,3.090952109778945,-0.07970285480070911,3.844937592566243,0.5407945322511747,1198.0444250918008,E,,,0.005
2.0,4.0,0.1,1.1,0.2909796866466494,3.0233888854598,-0.07458080267674337,3.9015360012662614,0.5407945322511747,1072.5217174124793,E,,,0.007
2.0,3.5,0.1,1.1,0.28972737520318326,3.0278653807241587,-0.074580802676743,3.8847446635691782,0.5407945322511747,1062.895529171586,E,,,0.007
2.0,3.0,0.1,1.1,0.28439771079029597,3.0469749408650353,-0.0745808026767428,3.813283051175611,0.5407945322511747,1022.7843154249355,E,,,0.007
2.0,4.0,0.1,1.0,0.26930066584548307,3.000185142646951,-0.07005125739800497,3.8443373587916874,0.5403673643741991,916.3922348837849,E,,,0.007
2.0,3.5,0.1,1.0,0.2681337830217898,3.0050168721961357,-0.07005125739800445,3.8276798016394795,0.5403673643741991,908.5958957678057,E,,,0.007
2.0,4.0,0.1,1.4,0.2454303746636317,2.919568976414489,-0.06920972781282751,3.5461832089179666,0.5433575395130287,768.2232780213575,E,,,0.005
2.0,3.0,0.1,1.4,0.24137655338703468,2.943204351915326,-0.06920972781282722,3.487610210515787,0.5433575395130287,745.3050443631381,E,,,0.005
2.0,4.0,0.3,1.3,0.23267877785309854,2.8260611568435037,-0.06902511220258288,3.370929367998794,0.5433575395130287,698.1792016294562,E,,,0.005
2.0,4.0,0.1,1.3,0.2304194731485838,2.920244472361625,-0.06390676527389723,3.6055568164189156,0.5433575395130287,686.3815499156003,E,,,0.005
2.0,3.5,0.1,1.3,0.2295290387122424,2.92549066076915,-0.06390676527389703,3.5916234803703078,0.5433575395130287,681.7809668844536,E,,,0.005
2.0,4.0,0.1,1.2,0.21554534724959074,2.9172507895503252,-0.058578716773709454,3.6795846532836483,0.5412217001281504,613.0518597930707,E,,,0.005
2.0,3.5,0.1,1.2,0.21470715300048693,2.922940169866092,-0.05857871677370933,3.665275800251901,0.5412217001281504,609.1359684153792,E,,,0.005
2.0,2.5,0.1,1.2,0.2083759897575581,2.9625845704296796,-0.058578716773709134,3.5571962179116885,0.5412217001281504,580.2715729422554,E,,,0.005
2.0,4.0,0.1,1.1,0.20080728401142633,2.90849036388442,-0.05410320082454898,3.7115601471089175,0.5407945322511747,547.3710876963986,E,,,0.005
2.0,3.5,0.1,1.1,0.2000204089861315,2.9145905601006112,-0.05410320082454882,3.6970161827352386,0.5407945322511747,544.0480453257178,E,,,0.005
2.0,4.0,0.1,1.0,0.18620456728890988,2.890966836907183,-0.050815795070109006,3.6643049081886665,0.5403673643741991,488.5613036637549,E,,,0.005
