round,sig_coef,size_min,short_amp,target_vol,train_calmar_median,train_annual_r,train_max_dd,test_calmar_median,test_annual_r,test_max_dd
Round1,2.0,0.2,2.0,0.012,17.806023789513084,1.091256444466254,-0.13977070460964344,11.604300559048948,0.8824731455032468,-0.09070191470125757
Round1,1.8,0.2,2.0,0.012,17.800692457509015,0.978445635347128,-0.1276766419653572,11.511946092184552,0.790482657645353,-0.0816073107261825
Round1,1.6,0.15,2.0,0.015,17.777874363373186,1.0924137249054535,-0.1398800074137295,11.594820211912161,0.881834322742111,-0.0908676753306591
Round1,1.5,0.15,2.0,0.015,17.76251119012523,1.0225216943201945,-0.13232277897303255,11.541740735070327,0.8242033420913499,-0.08520078173414379
Round1,1.2,0.1,2.0,0.02,17.750234932386014,1.0935074370374243,-0.14010206881284487,11.576125697148395,0.8806101466896219,-0.09114394304632789
Round1,1.2,0.15,2.0,0.02,17.743813458062178,1.0912195960888234,-0.13936431703427485,11.664253965247822,0.8856958561052442,-0.08978232409852543
Round1,1.6,0.2,2.0,0.015,17.73950886275042,1.0911032219056525,-0.13936431703427474,11.664253965247822,0.8856958561052442,-0.08978232409852543
Round1,1.4,0.15,2.0,0.015,17.735035796778625,0.9498740583562046,-0.12472065370344167,11.476002659042972,0.7671858279438672,-0.07950965268481693
Round1,2.0,0.15,2.0,0.012,17.727882512607493,1.0942158930706576,-0.14029388133018605,11.554647865396225,0.8794461460162402,-0.09136495721886326
Round1,1.6,0.1,2.0,0.015,17.686905378497094,1.096055027948327,-0.14057356651674044,11.523359716308281,0.8779675690586266,-0.09169647847766603
Round1,2.0,0.1,2.0,0.012,17.651786354083132,1.097865157755216,-0.1404150591162708,11.51602553002473,0.8785131945594995,-0.09202799973646875
Round1,1.5,0.1,2.0,0.015,17.65129117351317,1.0259437445870447,-0.1329947754635914,11.470085423842024,0.8204215300636015,-0.0860347510589658
Round1,1.8,0.15,2.0,0.012,17.650489436979143,0.9806109384333881,-0.12813677213922406,11.463615685098102,0.7876307011843855,-0.08229126394753376
Round1,1.2,0.05,2.0,0.02,17.64805255887992,1.0989656280761353,-0.1402499289290708,11.508081437135672,0.8786856382495771,-0.09224901390900395
Round1,1.6,0.05,2.0,0.015,17.63241263990256,1.0995717586069156,-0.14004351619507033,11.480628377220572,0.8779073357561262,-0.09252528162467283
Round1,1.4,0.15,2.0,0.02,17.63014396852587,1.2673337240385947,-0.15533891192174545,11.67521672722608,1.028696489263902,-0.10504620174987446
Round1,1.8,0.2,2.0,0.015,17.630027163832466,1.2223161240867064,-0.15285598685814536,11.67586942772467,0.9940008562794922,-0.10129297417645898
Round1,1.6,0.3,2.0,0.015,17.625100504535574,1.0951416982382098,-0.13905343853541274,11.781617662488532,0.8915651325516778,-0.08703858787988472
Round1,2.0,0.15,2.0,0.015,17.62167730207461,1.3567759570841544,-0.16093430960531085,11.562231805528658,1.0899185200537782,-0.11389753918720318
Round1,2.0,0.3,2.0,0.012,17.61756123069476,1.0909929305328956,-0.13882035031737727,11.725482122669845,0.8890067065900134,-0.08868530338838211
Round2,1.2,0.1,1.5,0.02,14.175823292723363,0.7173874588221747,-0.10961410669747973,16.217855787734905,0.5889401455964494,-0.04390157338245291
Round2,2.0,0.3,1.6,0.015,14.175023959546948,0.9301330824299863,-0.12780362196465686,16.066664031228058,0.7899383776190121,-0.055776858525717864
Round2,2.0,0.15,1.6,0.015,14.169132282298634,0.9216615634215137,-0.1276374210503229,16.03052330773763,0.7632777718612629,-0.05508033901962407
Round2,1.2,0.15,1.6,0.02,14.165902368453427,0.7721884594111237,-0.11294517974767192,15.699167847527287,0.6216166270813088,-0.04877114799902037
Round2,1.6,0.2,1.6,0.015,14.16169490020925,0.7720902509139438,-0.11294517974767192,15.699167847527292,0.621616627081309,-0.04877114799902036
Round2,1.6,0.15,1.5,0.015,14.15860805991814,0.7175096615848151,-0.10969031026062799,16.2263976079453,0.5898535148489383,-0.044127977002054855
Round2,1.5,0.2,1.6,0.02,14.156164091758894,0.9267116245850198,-0.12798406723955663,16.166435808784865,0.7782185936079677,-0.0555246451677756
Round2,2.0,0.15,1.5,0.012,14.146008672677727,0.7172748388333272,-0.10944859639118083,16.171080027646003,0.5874782817792914,-0.04387585442532271
Round2,1.5,0.1,1.6,0.02,14.139632252590964,0.921304006474023,-0.12756599971235977,15.984347297227277,0.7609983011703525,-0.05500333898810996
Round2,1.4,0.1,1.6,0.02,14.137092069333661,0.874010120921922,-0.12483519456538339,15.887196312500134,0.7122013115681585,-0.052724994805624946
Round2,2.0,0.2,1.5,0.012,14.136442994823883,0.7173695206001127,-0.1097253781123946,16.206136583040074,0.5902917250663164,-0.04427717870249594
Round2,1.5,0.15,1.6,0.02,14.13502779863077,0.9219535757542388,-0.12797667556572576,16.119380079703916,0.7671313947699636,-0.05523594517883699
Round2,1.4,0.15,1.6,0.02,14.127410038421889,0.8749371652683535,-0.12519839800017693,15.989497726136014,0.7178978892889039,-0.052959318905947544
Round2,2.0,0.2,1.6,0.015,14.125495389445653,0.9216832697227477,-0.12797667556572576,16.119380079703916,0.7671313947699638,-0.05523594517883698
Round2,1.2,0.1,1.4,0.02,14.11749386217579,0.6666607529894626,-0.10639037188947031,16.72446052591994,0.5620421071633268,-0.040006892935685004
Round2,2.0,0.2,1.6,0.012,14.11575026139025,0.7693703915296624,-0.11295380041369389,15.784110008212043,0.6174708105294502,-0.048176828566812456
Round2,2.0,0.15,1.5,0.015,14.112000477002596,0.8571002764735114,-0.12416884673993975,16.439901841294514,0.7295602352741759,-0.050731119045632954
Round2,1.8,0.15,1.5,0.015,14.111833778700792,0.7898649712926229,-0.11973236203553793,16.27722158681858,0.6593902593309706,-0.04768308449369201
Round2,1.5,0.2,1.5,0.02,14.110118582836485,0.8619806727729789,-0.12451687121854145,16.580753834229746,0.7442153574493653,-0.05117747021967818
Round2,1.8,0.2,1.6,0.015,14.106617197847129,0.8492447463748851,-0.12332954291654603,15.911312212872215,0.692854813835101,-0.05182156498175191
Round3,1.6,0.3,1.6,0.02,15.2284222537073,1.0706927306068215,-0.12788898202247534,2.900856100341123,0.3229768156635737,-0.1007959835274475
Round3,1.6,0.3,1.5,0.02,15.138631525543445,1.0009086897596124,-0.11887117802882748,2.8304522020674185,0.2979745977900259,-0.09559026243974145
Round3,1.5,0.3,1.6,0.02,15.118308400515875,1.0198074473788843,-0.12496907061249996,2.863049911569294,0.29823832966016894,-0.09508138607102677
Round3,2.0,0.3,1.6,0.015,15.007925979221088,0.9921413092506872,-0.12447780149075466,2.9700618589629326,0.3090909196665217,-0.09252618245432663
Round3,1.4,0.3,1.6,0.02,14.97849638954646,0.9662562424697518,-0.12144395117183791,2.847907655126748,0.276972487058988,-0.08953420345063726
Round3,1.5,0.3,1.5,0.02,14.946580253380805,0.9538493625400748,-0.11613804615215735,2.79214513437503,0.27503635159120865,-0.09028282345098507
Round3,1.2,0.2,1.6,0.02,14.935627798852163,0.8164940737833501,-0.10829947091391603,2.944057546924655,0.25043071996217936,-0.07500179058188516
Round3,2.0,0.3,1.6,0.012,14.911169361809595,0.8103873477738253,-0.10829441815821036,2.997645217953078,0.25392260638049224,-0.07421098849010116
Round3,1.8,0.3,1.6,0.02,14.870888448685083,1.1631652286910552,-0.13434159354166778,2.9409435967400994,0.3659703772284244,-0.11181750241210056
Round3,1.2,0.15,1.6,0.02,14.868722636802135,0.8002414999036169,-0.10885766667200483,3.0160223921100107,0.2562520126716845,-0.07340756101404464
Round3,1.6,0.2,1.6,0.015,14.864515168557958,0.800140726573924,-0.10885766667200483,3.0160223921100258,0.25625201267168496,-0.07340756101404443
Round3,1.6,0.3,1.6,0.015,14.862248393186718,0.8250136956802401,-0.10853576857233231,2.9030451871171437,0.24721622436300317,-0.07588652114294966
Round3,2.0,0.3,1.5,0.015,14.837120297439457,0.9270866795843946,-0.1156418190232327,2.910521960167716,0.2856949852572159,-0.08732051601617688
Round3,1.8,0.3,1.6,0.015,14.825978422530307,0.9088618214599964,-0.1188124247494364,2.9277800553172857,0.2769429224557556,-0.08426341984168598
Round3,1.4,0.3,1.5,0.02,14.812442041045227,0.9044761229808593,-0.11286418801717236,2.774605451849305,0.25524099389756216,-0.08515453018161871
Round3,1.5,0.2,1.6,0.02,14.80973566347792,0.9827471763932218,-0.12493322136348589,2.985193272997936,0.31149050821965285,-0.09182411726382939
Round3,1.4,0.3,1.8,0.02,14.804697901593748,1.0947084184953555,-0.13841515746117167,2.9409596574593064,0.3205603468370546,-0.09989491038683371
Round3,1.8,0.3,1.5,0.02,14.802876192772562,1.086646524226309,-0.12493273001538772,2.8729981553439363,0.33775534059623546,-0.1058034858408716
Round3,1.4,0.2,1.6,0.02,14.787203788835129,0.9284849812823268,-0.12086029049708631,2.979815938561789,0.29050941157225085,-0.08603678365737559
Round3,1.2,0.2,1.5,0.02,14.76159225438526,0.7645589524407428,-0.10054213194772835,2.885313754912009,0.23141239477263476,-0.07085782060773999
Round4,1.4,0.3,2.0,0.02,14.083121041091024,1.1667159581779458,-0.1111247001803687,34.222587516295405,2.907416618701152,-0.0849560722816987
Round4,1.0,0.3,2.0,0.02,14.069570937104316,0.8543168174492197,-0.08382471264001462,25.235863261521608,1.727909918206577,-0.06847041055422139
Round4,1.5,0.3,2.0,0.02,14.023188206065132,1.240704978330709,-0.11718796555928278,37.93713696901229,3.2626638179474234,-0.08600184617548824
Round4,1.2,0.3,2.0,0.02,13.990910438394263,1.015749792669813,-0.09629817189685735,29.56796275122343,2.288328674041605,-0.07739216574692558
Round4,1.6,0.3,2.0,0.015,13.987419999644871,0.9908667175217409,-0.0937355071634967,31.80795165950312,2.265973944742613,-0.07123922876264865
Round4,1.5,0.3,2.0,0.015,13.90899291870582,0.9279430713246499,-0.08833262456037594,29.958558258750195,2.04343211770494,-0.06820862673216598
Round4,1.2,0.2,2.0,0.02,13.899489009839474,0.9848914862074312,-0.09286786491872363,32.14630002269843,2.280475031659217,-0.07094051352874137
Round4,1.6,0.3,2.0,0.02,13.86856205784284,1.3126336927412727,-0.1243202290155512,40.11720490687144,3.486170782241894,-0.08689964294209261
Round4,1.8,0.3,2.0,0.015,13.8667140830024,1.1065423650472468,-0.10431615314686232,34.59157560649866,2.7541137991337896,-0.07961805008432109
Round4,2.0,0.3,2.0,0.012,13.834773350806099,0.9808339168483118,-0.09209233694186653,32.326114364896384,2.294208254678945,-0.07097073990340994
Round4,2.0,0.3,2.0,0.015,13.797442643206324,1.2207576602520387,-0.1146951839228486,39.55860646134378,3.3149718016253766,-0.08379900350799084
Round4,1.4,0.2,2.0,0.02,13.755570004100345,1.1383210043413912,-0.10689810216267598,36.39089200377004,2.9546874343994225,-0.08119304781243948
Round4,1.4,0.3,2.0,0.015,13.725155719876245,0.8632773269113305,-0.08305272688377326,28.308324825885734,1.8417212876090407,-0.0650593526440297
Round4,1.2,0.15,2.0,0.02,13.699872609119728,0.9725910112990956,-0.09130442743640221,32.388076918111004,2.3000742441484654,-0.07101607946541257
Round4,1.6,0.2,2.0,0.015,13.695568013807987,0.9724799341110424,-0.09130442743640187,32.38807691811091,2.3000742441484654,-0.07101607946541276
Round4,1.5,0.2,2.0,0.02,13.693633472121064,1.2129192264456021,-0.11401026973322644,39.67343328630541,3.326072348713404,-0.08383626203234362
Round4,1.2,0.1,2.0,0.02,13.671012580884558,0.9651279398036099,-0.09135386877453916,32.53190431062453,2.312746605505432,-0.07109164540208354
Round4,1.6,0.15,2.0,0.015,13.66150191532871,0.9661462910350467,-0.09125246135836856,32.49465080045688,2.3094843199894806,-0.0710727539179159
Round4,2.0,0.15,2.0,0.012,13.658430613024862,0.9641594394212594,-0.09138784507749187,32.585244410578866,2.3170311078802204,-0.0711067585894182
Round4,2.0,0.2,2.0,0.012,13.644219320515733,0.9664988054247874,-0.09123014116873467,32.492236905181215,2.308944461857125,-0.07106141902741514
